OBJECTID,DISTRICT,POPULATION,RDED,Shape__Are,Shape__Len,TOTAL_REG,ETH1_EUR,ETH1_AA,ETH1_UNK,rochester_votes,murphy_votes,total_votes,pct_rochester,pct_murphy,totalPop,pct_eur,pct_aa,pct_other
1,1,1602,01-01,1162304.25185737,6304.852443497861,1254,211,936,30,477.0,36.0,513.0,0.9298245614035088,0.07017543859649122,1177,0.17926932880203908,0.7952421410365336,0.025488530161427356
2,1,1982,01-02,561298.567499345,3410.84827486969,1579,155,1310,32,569.0,29.0,598.0,0.9515050167224081,0.048494983277591976,1497,0.10354041416165666,0.8750835003340014,0.021376085504342023
3,1,1692,01-03,360235.014292785,2601.65045127404,1262,83,1094,17,309.0,11.0,320.0,0.965625,0.034375,1194,0.0695142378559464,0.916247906197655,0.01423785594639866
4,1,2067,01-04,475088.25893291,3254.68417788045,1619,249,1224,40,439.0,26.0,465.0,0.9440860215053763,0.05591397849462366,1513,0.1645736946463979,0.8089887640449439,0.0264375413086583
5,1,2063,01-05,1567279.64476026,5694.297551819741,1636,589,826,101,719.0,99.0,818.0,0.8789731051344744,0.12102689486552567,1516,0.38852242744063326,0.5448548812664907,0.06662269129287599
6,1,1307,01-06,310995.95951994,2301.75535576573,996,53,855,7,193.0,7.0,200.0,0.965,0.035,915,0.05792349726775956,0.9344262295081968,0.007650273224043716
7,1,768,01-07,205147.222731575,2096.3892271227,530,36,442,6,97.0,6.0,103.0,0.941747572815534,0.05825242718446602,484,0.07438016528925621,0.9132231404958678,0.012396694214876035
8,1,2355,01-08,690474.12715374,3535.45062055862,1662,1093,246,164,652.0,148.0,800.0,0.815,0.185,1503,0.7272122421823021,0.16367265469061876,0.10911510312707917
9,1,1430,01-09,1091687.34201092,4720.03736658839,1241,172,958,33,519.0,53.0,572.0,0.9073426573426573,0.09265734265734266,1163,0.14789337919174547,0.823731728288908,0.028374892519346516
10,1,2521,01-10,977169.28929514,4951.550776619821,1858,143,1548,41,429.0,11.0,440.0,0.975,0.025,1732,0.0825635103926097,0.8937644341801386,0.02367205542725173
11,1,1320,01-11,458297.48302235,2797.5902798350603,1089,175,816,24,370.0,17.0,387.0,0.9560723514211886,0.04392764857881137,1015,0.1724137931034483,0.8039408866995074,0.023645320197044337
12,1,472,01-12,781754.5702583051,4231.71627553547,270,69,158,6,66.0,11.0,77.0,0.8571428571428571,0.14285714285714285,233,0.296137339055794,0.6781115879828327,0.02575107296137339
13,1,2035,01-13,1344370.35414813,5189.28207259815,1365,421,753,87,471.0,82.0,553.0,0.8517179023508138,0.14828209764918626,1261,0.3338620142743854,0.5971451229183188,0.0689928628072958
14,1,1371,01-14,356952.98526424,3229.45286524924,1095,758,149,95,388.0,58.0,446.0,0.8699551569506726,0.13004484304932734,1002,0.7564870259481038,0.14870259481037923,0.09481037924151696
18,2,888,02-01,408114.02572794,3179.6681435747405,671,38,584,10,158.0,2.0,160.0,0.9875,0.0125,632,0.060126582278481014,0.9240506329113924,0.015822784810126583
19,2,404,02-02,535739.416277955,3275.54368804277,404,202,158,24,175.0,11.0,186.0,0.9408602150537635,0.05913978494623656,384,0.5260416666666666,0.4114583333333333,0.0625
20,2,235,02-03,216604.91145161,2206.0613916863604,253,151,52,25,80.0,17.0,97.0,0.8247422680412371,0.17525773195876287,228,0.6622807017543859,0.22807017543859648,0.10964912280701754
21,2,2150,02-04,838122.424108315,4154.8933135568,1391,311,758,31,220.0,27.0,247.0,0.8906882591093117,0.10931174089068826,1100,0.2827272727272727,0.6890909090909091,0.028181818181818183
22,2,2115,02-05,3535786.14781381,11166.2334826329,1213,285,449,29,143.0,33.0,176.0,0.8125,0.1875,763,0.3735255570117955,0.5884665792922673,0.03800786369593709
23,2,2342,02-06,648847.33998719,4501.5219332909,1610,181,1271,43,272.0,14.0,286.0,0.951048951048951,0.04895104895104895,1495,0.12107023411371237,0.8501672240802676,0.028762541806020066
24,2,2284,02-07,3531289.98517982,10047.6840071543,1589,875,318,124,324.0,182.0,506.0,0.6403162055335968,0.35968379446640314,1317,0.6643887623386484,0.24145785876993167,0.09415337889141989
25,2,1525,02-08,2060893.63519984,9442.79319887454,1260,504,479,82,267.0,34.0,301.0,0.8870431893687708,0.11295681063122924,1065,0.4732394366197183,0.4497652582159624,0.07699530516431925
26,2,1379,02-09,465068.444147455,4049.93311021447,1034,56,907,10,247.0,8.0,255.0,0.9686274509803922,0.03137254901960784,973,0.05755395683453238,0.9321685508735869,0.010277492291880781
27,2,3070,02-10,29456486.8771547,26566.9972305894,923,70,763,8,171.0,6.0,177.0,0.9661016949152542,0.03389830508474576,841,0.08323424494649227,0.9072532699167658,0.009512485136741973
28,2,1930,02-11,1096955.82428511,5650.3399924564,1361,102,1133,14,318.0,10.0,328.0,0.9695121951219512,0.03048780487804878,1249,0.08166533226581266,0.9071257005604484,0.01120896717373899
29,2,369,02-12,275922.12329159,2140.9538055613302,315,135,133,23,90.0,26.0,116.0,0.7758620689655172,0.22413793103448276,291,0.4639175257731959,0.4570446735395189,0.07903780068728522
30,2,135,02-13,54636.25356943,966.161665371088,88,52,24,7,41.0,3.0,44.0,0.9318181818181818,0.06818181818181818,83,0.6265060240963856,0.2891566265060241,0.08433734939759036
31,2,112,02-14,44753.07451072,896.798558852019,85,46,17,14,34.0,10.0,44.0,0.7727272727272727,0.22727272727272727,77,0.5974025974025974,0.22077922077922077,0.18181818181818182
32,2,416,02-15,101956.49907054,1397.17681834038,310,41,224,7,39.0,8.0,47.0,0.8297872340425532,0.1702127659574468,272,0.15073529411764705,0.8235294117647058,0.025735294117647058
33,2,2199,02-16,825472.9423349451,6018.32614964355,2292,683,1198,153,321.0,25.0,346.0,0.9277456647398844,0.07225433526011561,2034,0.3357915437561455,0.5889872173058014,0.0752212389380531
34,2,1563,02-17,343232.34210578504,2407.7180303533105,990,50,843,18,184.0,11.0,195.0,0.9435897435897436,0.05641025641025641,911,0.054884742041712405,0.9253567508232712,0.019758507135016465
35,2,561,02-18,496262.52816994,2968.14752391793,345,38,272,9,38.0,4.0,42.0,0.9047619047619048,0.09523809523809523,319,0.11912225705329153,0.8526645768025078,0.02821316614420063
41,3,1846,03-01,334146.72211032,2347.7571182211304,1289,197,723,15,227.0,13.0,240.0,0.9458333333333333,0.05416666666666667,935,0.2106951871657754,0.7732620320855615,0.016042780748663103
42,3,2347,03-02,1252137.03973636,5163.18147534111,1748,754,716,82,491.0,134.0,625.0,0.7856,0.2144,1552,0.48582474226804123,0.46134020618556704,0.05283505154639175
43,3,1725,03-03,986476.65240052,4266.56813665646,1241,356,627,58,303.0,59.0,362.0,0.8370165745856354,0.16298342541436464,1041,0.34197886647454373,0.6023054755043228,0.05571565802113353
44,3,2858,03-04,687791.5252319151,3464.80280879913,1795,165,1319,24,314.0,13.0,327.0,0.9602446483180428,0.039755351681957186,1508,0.10941644562334217,0.8746684350132626,0.015915119363395226
45,3,1613,03-05,418434.40486965503,3378.35615192664,1092,370,579,51,334.0,37.0,371.0,0.9002695417789758,0.09973045822102426,1000,0.37,0.579,0.051
46,3,1899,03-06,271422.565516565,2167.5028821544,1096,100,532,17,82.0,8.0,90.0,0.9111111111111111,0.08888888888888889,649,0.15408320493066258,0.8197226502311249,0.026194144838212637
47,3,3730,03-07,781537.97722058,4254.2674601199005,2244,345,1249,49,299.0,43.0,342.0,0.8742690058479532,0.12573099415204678,1643,0.20998174071819842,0.7601947656725502,0.02982349360925137
48,3,2228,03-08,905165.168759305,4136.71592476341,1559,681,598,70,345.0,111.0,456.0,0.756578947368421,0.24342105263157895,1349,0.5048183839881394,0.44329132690882134,0.05189028910303929
49,3,3776,03-09,802350.7623534,3580.7659545588804,2506,460,1337,61,344.0,37.0,381.0,0.9028871391076115,0.09711286089238845,1858,0.24757804090419808,0.7195909580193758,0.032831001076426274
50,3,316,03-10,164291.76957303,1646.3068234827902,250,204,1,36,126.0,43.0,169.0,0.7455621301775148,0.25443786982248523,241,0.8464730290456431,0.004149377593360996,0.14937759336099585
55,4,1202,04-01,16746540.5495735,25091.0483576136,1614,1237,23,230,484.0,527.0,1011.0,0.47873392680514343,0.5212660731948566,1490,0.8302013422818793,0.015436241610738257,0.15436241610738258
56,4,1881,04-02,28811474.8480061,22559.6165110127,1795,1479,10,197,604.0,578.0,1182.0,0.5109983079526227,0.4890016920473773,1686,0.8772241992882562,0.005931198102016607,0.11684460260972716
57,4,1961,04-03,7273067.49304779,10750.2996906737,1768,1495,12,185,467.0,520.0,987.0,0.47315096251266464,0.5268490374873354,1692,0.8835697399527187,0.0070921985815602835,0.10933806146572105
58,4,3407,04-04,42155443.450192,32210.155588234305,3444,2770,63,410,960.0,1132.0,2092.0,0.4588910133843212,0.5411089866156787,3243,0.8541473943879124,0.01942645698427382,0.12642614862781376
59,4,2452,04-05,16365894.1730246,16771.7573698367,2066,1747,14,211,433.0,755.0,1188.0,0.36447811447811446,0.6355218855218855,1972,0.8859026369168357,0.007099391480730223,0.10699797160243407
60,4,2919,04-06,27651107.7656993,27023.1282010855,1921,1546,48,200,321.0,468.0,789.0,0.4068441064638783,0.5931558935361216,1794,0.8617614269788183,0.026755852842809364,0.11148272017837235
61,4,1614,04-07,7990676.56190845,15831.1174360069,1254,1080,3,117,222.0,393.0,615.0,0.36097560975609755,0.6390243902439025,1200,0.9,0.0025,0.0975
62,4,2284,04-08,6798353.11027862,17354.788963337698,1852,1537,32,194,440.0,552.0,992.0,0.4435483870967742,0.5564516129032258,1763,0.8718094157685763,0.018150879183210438,0.11003970504821327
63,4,2191,04-09,18046582.3444775,23048.6618782104,2286,1878,33,247,811.0,1093.0,1904.0,0.4259453781512605,0.5740546218487395,2158,0.8702502316960149,0.015291936978683968,0.11445783132530121
64,4,1434,04-10,14556468.5906658,24677.854385776303,917,746,50,59,187.0,248.0,435.0,0.4298850574712644,0.5701149425287356,855,0.8725146198830409,0.05847953216374269,0.06900584795321638
65,4,1073,04-11,30690581.5652174,32455.9724986395,1416,1102,110,119,166.0,213.0,379.0,0.43799472295514513,0.5620052770448549,1331,0.8279489105935387,0.08264462809917356,0.08940646130728776
66,4,1168,04-12,4528816.85689343,9887.4325878983,911,739,15,95,,,,,,849,0.8704358068315665,0.0176678445229682,0.11189634864546526
67,5,2968,05-01,5832736.71275612,13855.0230720516,2153,652,1099,87,623.0,173.0,796.0,0.7826633165829145,0.21733668341708542,1838,0.35473340587595215,0.5979325353645266,0.04733405875952122
68,5,1753,05-02,2217873.1308852,7356.13170184567,1277,460,555,54,221.0,106.0,327.0,0.6758409785932722,0.3241590214067278,1069,0.4303086997193639,0.5191768007483629,0.050514499532273154
69,5,1970,05-03,824883.630000815,4394.31899137461,1231,296,716,45,309.0,68.0,377.0,0.8196286472148541,0.18037135278514588,1057,0.28003784295175027,0.6773888363292337,0.04257332071901609
70,5,2802,05-04,909858.405855155,4118.390658463551,1688,402,999,67,371.0,54.0,425.0,0.8729411764705882,0.12705882352941175,1468,0.273841961852861,0.6805177111716622,0.04564032697547684
71,5,2030,05-05,3115999.23938923,8536.50206681244,1401,283,823,48,455.0,52.0,507.0,0.8974358974358975,0.10256410256410256,1154,0.24523396880415946,0.7131715771230502,0.0415944540727903
72,5,1987,05-06,1885698.26544258,6247.63348507999,1486,389,860,58,477.0,98.0,575.0,0.8295652173913044,0.17043478260869566,1307,0.297628156082632,0.6579954093343535,0.04437643458301454
73,5,2135,05-07,1819568.12438561,7116.10992057998,1282,523,436,89,346.0,81.0,427.0,0.810304449648712,0.18969555035128804,1048,0.49904580152671757,0.41603053435114506,0.08492366412213741
74,5,2723,05-08,4533425.9965284,10102.2311716248,2184,811,975,84,711.0,270.0,981.0,0.7247706422018348,0.27522935779816515,1870,0.43368983957219254,0.5213903743315508,0.044919786096256686
75,5,2425,05-09,1069073.25082089,4008.82927812981,1413,251,938,42,294.0,56.0,350.0,0.84,0.16,1231,0.2038992688870837,0.7619821283509343,0.034118602761982135
76,5,2463,05-10,1179460.43929567,5019.53513256905,1529,288,953,50,382.0,46.0,428.0,0.8925233644859814,0.10747663551401869,1291,0.22308288148721922,0.7381874515879163,0.038729666924864445
77,5,138,05-11,195572.85737013,2364.2751613184705,129,78,30,12,57.0,23.0,80.0,0.7125,0.2875,120,0.65,0.25,0.1
78,6,1528,06-01,4909249.41716412,11442.4190304604,1234,936,57,135,427.0,224.0,651.0,0.6559139784946236,0.34408602150537637,1128,0.8297872340425533,0.050531914893617025,0.11968085106382981
79,6,2288,06-02,5335522.9883329,11302.9945937153,1711,1243,50,204,556.0,339.0,895.0,0.6212290502793296,0.3787709497206704,1497,0.8303273213092852,0.033400133600534405,0.13627254509018036
80,6,512,06-03,866278.4070939451,4699.816401492641,404,336,3,38,137.0,80.0,217.0,0.631336405529954,0.3686635944700461,377,0.8912466843501327,0.007957559681697613,0.10079575596816977
81,6,1297,06-04,1236167.94371168,4723.39931147227,1095,767,182,81,443.0,159.0,602.0,0.7358803986710963,0.26411960132890366,1030,0.7446601941747573,0.1766990291262136,0.07864077669902912
82,6,2427,06-05,1110934.93455411,4524.462481612451,1615,580,791,88,381.0,100.0,481.0,0.7920997920997921,0.2079002079002079,1459,0.3975325565455792,0.5421521590130226,0.06031528444139822
83,6,2529,06-06,10707931.8249251,14898.5121672924,1795,1144,321,172,623.0,212.0,835.0,0.7461077844311377,0.25389221556886227,1637,0.6988393402565669,0.19609040928527796,0.10507025045815516
84,6,1438,06-07,2600836.43474248,7377.758585167679,1173,926,37,126,470.0,266.0,736.0,0.6385869565217391,0.36141304347826086,1089,0.8503213957759412,0.03397612488521579,0.11570247933884298
85,6,1353,06-08,878846.163956095,4137.213862445171,1027,797,88,84,335.0,163.0,498.0,0.6726907630522089,0.3273092369477912,969,0.8224974200206399,0.09081527347781218,0.08668730650154799
86,6,2134,06-09,3178380.47138892,8196.04500994884,1798,1352,75,188,692.0,264.0,956.0,0.7238493723849372,0.27615062761506276,1615,0.8371517027863777,0.04643962848297214,0.11640866873065016
87,6,2113,06-10,3384600.95199104,8904.23053043965,1652,1297,35,179,591.0,319.0,910.0,0.6494505494505495,0.3505494505494505,1511,0.8583719391131701,0.02316346790205162,0.1184645929847783
88,6,1533,06-11,3385473.31007383,7486.60895656778,1304,1074,8,125,505.0,252.0,757.0,0.667107001321004,0.332892998678996,1207,0.8898094449047225,0.006628003314001657,0.1035625517812759
89,6,2106,06-12,2805397.06809406,7391.48905248792,1751,1387,21,173,612.0,375.0,987.0,0.6200607902735562,0.3799392097264438,1581,0.877292852624921,0.013282732447817837,0.10942441492726122
90,6,1298,06-13,3130448.38820123,8301.161191214142,1067,765,132,118,416.0,149.0,565.0,0.736283185840708,0.26371681415929205,1015,0.7536945812807881,0.13004926108374384,0.11625615763546798
91,6,340,06-14,92349.808994095,1436.25344881502,223,147,38,16,56.0,21.0,77.0,0.7272727272727273,0.2727272727272727,201,0.7313432835820896,0.1890547263681592,0.07960199004975124
92,6,158,06-15,726791.00040324,4171.0883700718605,165,121,4,26,62.0,31.0,93.0,0.6666666666666666,0.3333333333333333,151,0.8013245033112583,0.026490066225165563,0.17218543046357615
93,6,0,06-16,6203744.77437019,11660.3573318259,0,0,0,0,0.0,0.0,0.0,,,0,,,
94,7,1680,07-01,1387108.93712769,5822.0491484232,1289,960,76,137,331.0,227.0,558.0,0.5931899641577061,0.4068100358422939,1173,0.8184143222506394,0.06479113384484228,0.11679454390451834
95,7,2003,07-02,1469736.58592566,5091.15793862962,1438,780,361,124,399.0,146.0,545.0,0.7321100917431193,0.26788990825688075,1265,0.616600790513834,0.28537549407114626,0.09802371541501977
96,7,955,07-03,1661587.06201604,5570.420331542391,833,642,4,125,297.0,169.0,466.0,0.6373390557939914,0.3626609442060086,771,0.8326848249027238,0.005188067444876783,0.1621271076523995
97,7,2103,07-04,1266973.72639645,4980.02229714478,1275,568,350,96,405.0,115.0,520.0,0.7788461538461539,0.22115384615384615,1014,0.5601577909270217,0.34516765285996054,0.09467455621301775
98,7,1699,07-05,3533515.38374898,9220.49920308661,1542,1210,21,201,689.0,185.0,874.0,0.7883295194508009,0.2116704805491991,1432,0.8449720670391061,0.014664804469273743,0.1403631284916201
99,7,1030,07-06,1015565.65844306,5707.08244831886,770,583,44,73,398.0,221.0,619.0,0.6429725363489499,0.3570274636510501,700,0.8328571428571429,0.06285714285714286,0.10428571428571429
100,7,2034,07-07,1969018.89009938,6187.12508373056,1642,919,406,139,474.0,209.0,683.0,0.6939970717423133,0.30600292825768666,1464,0.6277322404371586,0.27732240437158473,0.09494535519125684
101,7,1460,07-08,8016079.48938981,13393.9161182399,1037,669,163,108,266.0,147.0,413.0,0.6440677966101694,0.3559322033898305,940,0.7117021276595744,0.17340425531914894,0.1148936170212766
102,7,1881,07-09,1669045.2780692,6005.11515566709,1264,930,94,117,375.0,180.0,555.0,0.6756756756756757,0.32432432432432434,1141,0.8150744960560912,0.08238387379491674,0.10254163014899212
103,7,1959,07-10,8325997.1002064,12548.211414611002,1233,530,493,59,317.0,106.0,423.0,0.7494089834515366,0.25059101654846333,1082,0.4898336414048059,0.455637707948244,0.054528650646950096
104,7,2701,07-11,7682206.30412106,14406.2687611089,1576,561,739,62,319.0,90.0,409.0,0.7799511002444988,0.2200488997555012,1362,0.4118942731277533,0.5425844346549192,0.04552129221732746
105,7,2167,07-12,8145660.23735426,17101.1917959616,1122,429,463,75,325.0,77.0,402.0,0.8084577114427861,0.19154228855721392,967,0.4436401240951396,0.4788004136504654,0.07755946225439504
106,7,5,07-13,62964.63841003,1111.28874220394,3,2,1,0,2.0,0.0,2.0,1.0,0.0,3,0.6666666666666666,0.3333333333333333,0.0
107,7,1254,07-14,516302.43476620497,3055.1194388857302,740,294,325,39,,,,,,658,0.4468085106382979,0.49392097264437695,0.059270516717325236
108,8,1596,08-01,21766048.2054922,20581.8883872952,1446,1149,46,138,246.0,437.0,683.0,0.3601756954612006,0.6398243045387995,1333,0.8619654913728433,0.03450862715678921,0.1035258814703676
109,8,3210,08-02,3334697.96919411,9356.05300472891,2086,1048,634,151,569.0,296.0,865.0,0.6578034682080924,0.3421965317919075,1833,0.5717403164211675,0.3458810692853246,0.08237861429350792
110,8,2089,08-03,4856485.62474205,13084.459418511,1592,826,492,107,405.0,177.0,582.0,0.6958762886597938,0.30412371134020616,1425,0.5796491228070175,0.3452631578947368,0.07508771929824562
111,8,2648,08-04,2809976.7384771,8825.04629245306,1637,521,839,70,413.0,100.0,513.0,0.8050682261208577,0.1949317738791423,1430,0.36433566433566433,0.5867132867132867,0.04895104895104895
112,8,3850,08-05,8342357.07138992,19951.8988521325,3052,1443,1007,221,801.0,337.0,1138.0,0.7038664323374341,0.2961335676625659,2671,0.5402470984649944,0.3770123549232497,0.0827405466117559
113,8,2660,08-06,5467807.29411438,10310.5876772079,2077,1292,396,183,481.0,414.0,895.0,0.5374301675977654,0.46256983240223465,1871,0.6905398182789952,0.21165152324959915,0.09780865847140567
114,8,973,08-07,19659293.7996548,24822.55790385809,1272,865,179,125,264.0,250.0,514.0,0.5136186770428015,0.48638132295719844,1169,0.7399486740804107,0.15312232677502138,0.10692899914456801
115,8,2461,08-08,19618257.5019568,19509.921909791403,2009,999,601,185,723.0,362.0,1085.0,0.6663594470046083,0.3336405529953917,1785,0.5596638655462185,0.3366946778711485,0.10364145658263306
116,8,1887,08-09,5675554.25812494,13341.4019230445,1588,1055,199,171,416.0,376.0,792.0,0.5252525252525253,0.47474747474747475,1425,0.7403508771929824,0.13964912280701755,0.12
117,8,2653,08-10,4028302.17295285,10365.1452318928,1942,868,672,86,479.0,215.0,694.0,0.6902017291066282,0.30979827089337175,1626,0.5338253382533825,0.4132841328413284,0.05289052890528905
118,8,1256,08-11,28033620.8006613,32575.3829650366,938,503,254,70,192.0,153.0,345.0,0.5565217391304348,0.4434782608695652,827,0.6082224909310762,0.30713422007255137,0.08464328899637243
119,9,2057,09-01,114159062.133049,49229.4867293236,1680,1200,222,144,336.0,546.0,882.0,0.38095238095238093,0.6190476190476191,1566,0.7662835249042146,0.1417624521072797,0.09195402298850575
120,9,2454,09-02,7470057.53369941,11522.726352674,1873,942,566,171,542.0,304.0,846.0,0.640661938534279,0.35933806146572106,1679,0.5610482430017868,0.33710541989279336,0.10184633710541989
121,9,3057,09-03,49284311.5525455,53385.8762497731,2481,1603,452,206,620.0,576.0,1196.0,0.5183946488294314,0.4816053511705686,2261,0.7089783281733746,0.19991154356479435,0.09111012826183104
122,9,862,09-04,7784400.2778875,17917.264936019903,796,503,172,71,186.0,155.0,341.0,0.5454545454545454,0.45454545454545453,746,0.6742627345844504,0.23056300268096513,0.09517426273458444
123,9,1651,09-05,31624213.577757,38672.7833809139,1423,717,398,123,423.0,216.0,639.0,0.6619718309859155,0.3380281690140845,1238,0.5791599353796446,0.32148626817447495,0.09935379644588045
124,9,1147,09-06,19728486.1620427,23999.9351402377,1099,654,251,80,349.0,195.0,544.0,0.6415441176470589,0.3584558823529412,985,0.6639593908629442,0.2548223350253807,0.08121827411167512
125,9,64,09-07,5606635.77350894,12645.8945835884,45,33,6,5,10.0,14.0,24.0,0.4166666666666667,0.5833333333333334,44,0.75,0.13636363636363635,0.11363636363636363
126,9,1297,09-08,8553043.01046312,14755.2795625539,1059,627,259,58,274.0,255.0,529.0,0.5179584120982986,0.4820415879017013,944,0.6641949152542372,0.274364406779661,0.0614406779661017
127,9,431,09-09,144668744.087225,74948.5118498393,298,215,50,29,43.0,90.0,133.0,0.3233082706766917,0.6766917293233082,294,0.7312925170068028,0.17006802721088435,0.09863945578231292
128,9,2278,09-10,11391734.2065375,22532.2378484873,1902,946,609,179,547.0,345.0,892.0,0.6132286995515696,0.3867713004484305,1734,0.5455594002306806,0.3512110726643599,0.10322952710495964
129,9,2853,09-11,29847867.8930599,27773.434066396,2079,1541,208,150,669.0,719.0,1388.0,0.4819884726224784,0.5180115273775217,1899,0.8114797261716693,0.10953133228014744,0.07898894154818326
130,9,2608,09-12,17800420.3305603,26892.7616002221,2467,1561,392,263,711.0,596.0,1307.0,0.5439938791124713,0.4560061208875287,2216,0.7044223826714802,0.17689530685920576,0.11868231046931407
131,9,4364,09-13,9310620.68494961,12220.132398700602,2913,1469,721,236,825.0,498.0,1323.0,0.6235827664399093,0.3764172335600907,2426,0.6055234954657873,0.29719703215169,0.09727947238252267
132,10,1920,10-01,2644110.51035574,7022.48838508345,1556,1056,42,166,392.0,282.0,674.0,0.5816023738872403,0.41839762611275966,1264,0.8354430379746836,0.03322784810126582,0.13132911392405064
133,10,1654,10-02,2911968.65934783,8075.45685080265,1371,1060,23,191,443.0,300.0,743.0,0.5962314939434724,0.4037685060565276,1274,0.8320251177394035,0.01805337519623234,0.14992150706436422
134,10,1692,10-03,2215380.17916961,6267.6847078911405,1416,1043,30,183,443.0,261.0,704.0,0.6292613636363636,0.37073863636363635,1256,0.8304140127388535,0.02388535031847134,0.14570063694267515
135,10,2055,10-04,2149985.04422889,6403.551684147151,1371,833,291,139,394.0,183.0,577.0,0.682842287694974,0.317157712305026,1263,0.6595407759303247,0.23040380047505937,0.110055423594616
136,10,1889,10-05,2935633.43842771,8523.23069684633,1556,1188,13,198,554.0,341.0,895.0,0.6189944134078212,0.38100558659217876,1399,0.8491779842744818,0.009292351679771264,0.14152966404574696
137,10,1968,10-06,2600944.87183461,7375.096055073691,1754,1324,42,194,492.0,360.0,852.0,0.5774647887323944,0.4225352112676056,1560,0.8487179487179487,0.026923076923076925,0.12435897435897436
138,10,1653,10-07,1705685.74111142,8663.353565013162,1316,959,22,194,442.0,232.0,674.0,0.655786350148368,0.34421364985163205,1175,0.8161702127659575,0.01872340425531915,0.1651063829787234
139,10,2047,10-08,10610587.1438146,19146.3823003052,1185,870,31,143,416.0,232.0,648.0,0.6419753086419753,0.35802469135802467,1044,0.8333333333333334,0.029693486590038315,0.13697318007662834
140,10,1812,10-09,2129454.07754105,6175.72166320928,1366,877,152,126,341.0,278.0,619.0,0.5508885298869144,0.4491114701130856,1155,0.7593073593073593,0.1316017316017316,0.10909090909090909
141,10,2244,10-10,2549511.23668082,6648.95546903473,1790,1379,50,194,636.0,324.0,960.0,0.6625,0.3375,1623,0.8496611213801601,0.030807147258163893,0.11953173136167591
142,10,1985,10-11,2437731.33631612,7004.580752921,1680,1218,99,191,547.0,302.0,849.0,0.6442873969375736,0.35571260306242636,1508,0.8076923076923077,0.0656498673740053,0.126657824933687
143,10,2261,10-12,3272915.18261936,9873.76294801939,1441,907,263,108,513.0,186.0,699.0,0.7339055793991416,0.26609442060085836,1278,0.7097026604068858,0.20579029733959311,0.08450704225352113
144,11,2454,11-01,28817718.9251746,36083.3250260068,1473,765,386,143,367.0,213.0,580.0,0.6327586206896552,0.36724137931034484,1294,0.5911901081916537,0.2982998454404946,0.11051004636785162
145,11,4015,11-02,52643313.6719277,41606.601932833,3059,1827,756,212,715.0,595.0,1310.0,0.5458015267175572,0.4541984732824427,2795,0.6536672629695885,0.2704830053667263,0.07584973166368515
146,11,2317,11-03,124115620.565121,47402.9654344546,1883,1633,26,157,224.0,677.0,901.0,0.2486126526082131,0.7513873473917869,1816,0.8992290748898679,0.01431718061674009,0.08645374449339209
147,11,2852,11-04,86666739.3664509,47640.8543984766,2234,1676,274,182,363.0,648.0,1011.0,0.3590504451038576,0.6409495548961425,2132,0.7861163227016886,0.12851782363977488,0.0853658536585366
148,11,2977,11-05,89961205.1397322,41403.7846070614,2348,1966,73,187,315.0,641.0,956.0,0.3294979079497908,0.6705020920502092,2226,0.8831985624438455,0.03279424977538186,0.0840071877807727
149,11,2712,11-06,86182178.2030159,50514.121944338505,1953,1668,44,147,227.0,625.0,852.0,0.2664319248826291,0.7335680751173709,1859,0.8972565895642819,0.023668639053254437,0.07907477138246369
150,11,927,11-07,23365875.9339658,23032.1261297356,619,521,26,45,88.0,183.0,271.0,0.3247232472324723,0.6752767527675276,592,0.8800675675675675,0.04391891891891892,0.07601351351351351
151,11,1514,11-08,32764093.2895446,33985.1109743176,980,819,32,82,101.0,225.0,326.0,0.3098159509202454,0.6901840490797546,933,0.8778135048231511,0.03429796355841372,0.08788853161843516
152,11,847,11-09,15155006.9358411,23241.7597594073,548,457,7,47,53.0,187.0,240.0,0.22083333333333333,0.7791666666666667,511,0.8943248532289628,0.0136986301369863,0.09197651663405088
153,11,1143,11-10,23099650.3089384,23893.5797713237,669,507,57,64,78.0,217.0,295.0,0.26440677966101694,0.735593220338983,628,0.8073248407643312,0.09076433121019108,0.10191082802547771
154,11,1096,11-11,18915518.8963054,16966.0966120784,528,405,65,38,59.0,177.0,236.0,0.25,0.75,508,0.797244094488189,0.1279527559055118,0.07480314960629922
155,11,501,11-12,24891434.2857761,20625.6180792013,340,280,20,15,40.0,108.0,148.0,0.2702702702702703,0.7297297297297297,315,0.8888888888888888,0.06349206349206349,0.047619047619047616
156,11,958,11-13,23327561.983824,24734.278939412,722,612,31,43,107.0,230.0,337.0,0.31750741839762614,0.6824925816023739,686,0.892128279883382,0.04518950437317784,0.06268221574344024
157,11,548,11-14,6753049.81942362,12492.6876805221,429,318,64,32,85.0,146.0,231.0,0.36796536796536794,0.6320346320346321,414,0.7681159420289855,0.15458937198067632,0.07729468599033816
158,12,2255,12-01,1652878.69742267,5781.22234440857,1696,1329,26,182,615.0,325.0,940.0,0.6542553191489362,0.34574468085106386,1537,0.8646714378659727,0.016916070266753416,0.11841249186727391
159,12,1610,12-02,1516935.03707612,7061.302918967161,1365,1099,11,139,467.0,235.0,702.0,0.6652421652421653,0.33475783475783477,1249,0.8799039231385108,0.008807045636509208,0.11128903122497999
160,12,1628,12-03,1851671.40389714,5808.579912237571,1280,1000,16,141,397.0,204.0,601.0,0.6605657237936772,0.33943427620632277,1157,0.8643042350907519,0.013828867761452032,0.12186689714779603
161,12,2447,12-04,19802509.7436374,23489.878030908,2340,1751,13,243,763.0,518.0,1281.0,0.5956284153005464,0.40437158469945356,2007,0.872446437468859,0.0064773293472845045,0.1210762331838565
162,12,2083,12-05,7160224.42996113,11888.7669334783,1803,1458,8,194,663.0,459.0,1122.0,0.5909090909090909,0.4090909090909091,1660,0.8783132530120482,0.004819277108433735,0.11686746987951807
163,12,963,12-06,26404364.3192431,24616.23477955189,769,633,2,82,240.0,200.0,440.0,0.5454545454545454,0.45454545454545453,717,0.8828451882845189,0.002789400278940028,0.11436541143654114
164,12,623,12-07,683101.51579564,4298.005267190861,448,377,1,36,203.0,89.0,292.0,0.6952054794520548,0.3047945205479452,414,0.9106280193236715,0.0024154589371980675,0.08695652173913043
165,12,174,12-08,222135.24768608,1940.6293630203104,262,207,8,24,112.0,24.0,136.0,0.8235294117647058,0.17647058823529413,239,0.8661087866108786,0.03347280334728033,0.100418410041841
166,12,2566,12-09,4793016.62435474,12111.9757042186,1657,1297,21,195,533.0,311.0,844.0,0.6315165876777251,0.3684834123222749,1513,0.8572372769332453,0.013879709187045605,0.12888301387970919
167,12,1711,12-10,19359009.9915831,22883.5453668828,1447,1134,15,158,490.0,350.0,840.0,0.5833333333333334,0.4166666666666667,1307,0.8676358071920428,0.011476664116296864,0.12088752869166029
168,12,1635,12-11,29469883.4858637,24521.0457315879,1545,1169,13,181,419.0,423.0,842.0,0.497624703087886,0.502375296912114,1363,0.8576669112252384,0.009537784299339692,0.13279530447542187
169,12,227,12-12,241497.45482274,1986.75332208088,218,182,0,27,69.0,34.0,103.0,0.6699029126213593,0.3300970873786408,209,0.8708133971291866,0.0,0.1291866028708134
170,12,825,12-13,5082055.9486561,9721.37765385017,643,516,3,47,195.0,162.0,357.0,0.5462184873949579,0.453781512605042,566,0.911660777385159,0.00530035335689046,0.08303886925795052
171,12,1393,12-14,20385283.7527831,24568.696260991,1244,970,6,149,457.0,339.0,796.0,0.5741206030150754,0.4258793969849246,1125,0.8622222222222222,0.005333333333333333,0.13244444444444445
172,12,960,12-15,8603642.24351928,18492.8928383474,819,664,2,98,353.0,155.0,508.0,0.6948818897637795,0.3051181102362205,764,0.8691099476439791,0.002617801047120419,0.12827225130890052
173,12,1828,12-16,1320948.3028161,5422.63138250306,1539,1256,26,165,644.0,248.0,892.0,0.7219730941704036,0.27802690582959644,1447,0.8680027643400138,0.01796821008984105,0.11402902557014513
174,12,2205,12-17,2413336.924261,6732.96153573267,1977,1601,24,224,927.0,288.0,1215.0,0.762962962962963,0.23703703703703705,1849,0.8658734451054625,0.012979989183342349,0.12114656571119525
175,13,2397,13-01,2324498.98997635,8311.54603540121,1641,1080,128,100,318.0,233.0,551.0,0.5771324863883848,0.42286751361161523,1308,0.8256880733944955,0.09785932721712538,0.0764525993883792
176,13,1857,13-02,1456256.66254656,5144.366635262771,1214,864,48,102,256.0,141.0,397.0,0.6448362720403022,0.35516372795969775,1014,0.8520710059171598,0.047337278106508875,0.10059171597633136
177,13,834,13-03,308821.08745298,2650.2940172275303,515,116,142,13,93.0,22.0,115.0,0.808695652173913,0.19130434782608696,271,0.4280442804428044,0.5239852398523985,0.04797047970479705
178,13,2489,13-04,3112798.9450707,7458.458103546131,1828,1311,81,156,446.0,291.0,737.0,0.6051560379918589,0.3948439620081411,1548,0.8468992248062016,0.05232558139534885,0.10077519379844962
179,13,2634,13-05,1376073.75484764,5680.29763306334,1635,1054,187,110,338.0,193.0,531.0,0.6365348399246704,0.3634651600753296,1351,0.7801628423390081,0.1384159881569208,0.08142116950407106
180,13,2417,13-06,1922220.91980244,8742.17476663315,1818,1289,153,145,397.0,277.0,674.0,0.5890207715133531,0.41097922848664686,1587,0.8122243226212981,0.09640831758034027,0.09136735979836169
181,13,1294,13-07,689809.769098755,3889.0059285203,915,635,98,61,210.0,117.0,327.0,0.6422018348623854,0.3577981651376147,794,0.7997481108312343,0.12342569269521413,0.07682619647355166
182,13,3055,13-08,2005545.86687969,5974.410329205451,1912,1094,235,112,380.0,121.0,501.0,0.7584830339321357,0.24151696606786427,1441,0.7591950034698126,0.16308119361554477,0.0777238029146426
183,13,2329,13-09,1605172.60750945,6267.18107987684,1499,855,280,110,372.0,163.0,535.0,0.6953271028037383,0.30467289719626167,1245,0.6867469879518072,0.2248995983935743,0.08835341365461848
184,13,1147,13-10,1789432.5189435,6221.422118227871,779,518,58,57,148.0,101.0,249.0,0.5943775100401606,0.40562248995983935,633,0.8183254344391785,0.09162717219589257,0.09004739336492891
185,13,2343,13-11,1770012.41332101,7908.8753738904,1480,814,288,81,288.0,111.0,399.0,0.7218045112781954,0.2781954887218045,1183,0.6880811496196112,0.24344885883347422,0.06846999154691462
186,13,39,13-12,59655.8086873,1129.8175042745702,10,0,0,0,0.0,0.0,0.0,,,0,,,
187,13,998,13-13,1228529.86832136,5024.04030270434,472,214,108,30,56.0,16.0,72.0,0.7777777777777778,0.2222222222222222,352,0.6079545454545454,0.3068181818181818,0.08522727272727272
188,13,1038,13-14,5010873.73984201,9665.9371726907,761,598,19,79,250.0,161.0,411.0,0.6082725060827251,0.39172749391727496,696,0.8591954022988506,0.027298850574712645,0.11350574712643678
189,13,173,13-15,48816.18809055,1002.26391028648,126,46,48,3,22.0,9.0,31.0,0.7096774193548387,0.2903225806451613,97,0.4742268041237113,0.4948453608247423,0.030927835051546393
190,14,1933,14-01,8300546.60687617,17791.6080834966,1823,1470,18,213,883.0,691.0,1574.0,0.5609911054637865,0.43900889453621345,1701,0.8641975308641975,0.010582010582010581,0.12522045855379188
191,14,2577,14-02,8809043.75323773,17481.5294848857,2307,1835,39,253,796.0,569.0,1365.0,0.5831501831501832,0.41684981684981687,2127,0.8627174424071462,0.018335684062059238,0.11894687353079454
192,14,3132,14-03,13865114.0811963,16800.142668707398,2627,2126,42,291,961.0,446.0,1407.0,0.6830135039090263,0.3169864960909737,2459,0.8645790971939813,0.01708011386742578,0.11834078893859293
193,14,3102,14-04,24256522.1032396,33428.4601500173,2801,2303,17,300,1149.0,701.0,1850.0,0.6210810810810811,0.37891891891891893,2620,0.8790076335877863,0.006488549618320611,0.11450381679389314
194,14,2155,14-05,6381302.97288549,17392.0675394752,1908,1567,10,217,744.0,405.0,1149.0,0.6475195822454308,0.3524804177545692,1794,0.8734671125975474,0.005574136008918618,0.120958751393534
195,14,2160,14-06,8998956.81013456,14099.9427345682,1900,1585,18,193,747.0,481.0,1228.0,0.6083061889250815,0.3916938110749186,1796,0.8825167037861915,0.01002227171492205,0.10746102449888642
196,14,1171,14-07,6309769.93414438,13829.2938315214,1175,960,3,159,956.0,529.0,1485.0,0.6437710437710438,0.35622895622895623,1122,0.8556149732620321,0.00267379679144385,0.14171122994652408
197,14,3040,14-08,9758621.52262802,23168.7376111358,2437,1989,17,281,1015.0,720.0,1735.0,0.5850144092219021,0.414985590778098,2287,0.8696982947092261,0.007433318758198513,0.12286838653257542
198,14,1480,14-09,14143731.5556077,15867.3348254237,2491,2015,17,294,688.0,454.0,1142.0,0.6024518388791593,0.3975481611208406,2326,0.8662940670679278,0.007308684436801376,0.12639724849527084
199,14,1439,14-10,47502468.0156832,39518.9925379302,1275,1059,11,150,,,,,,1220,0.8680327868852459,0.009016393442622951,0.12295081967213115
200,14,855,14-11,265285193.008142,101443.244523052,707,590,6,69,,,,,,665,0.8872180451127819,0.009022556390977444,0.1037593984962406
201,15,1388,15-01,21436972.5153144,29816.3905362944,1073,698,167,81,302.0,204.0,506.0,0.5968379446640316,0.4031620553359684,946,0.7378435517970402,0.17653276955602537,0.08562367864693446
202,15,1569,15-02,3544880.98267218,8979.52685140055,1287,610,453,81,416.0,189.0,605.0,0.687603305785124,0.31239669421487604,1144,0.5332167832167832,0.395979020979021,0.07080419580419581
203,15,3298,15-03,18389998.6093197,19681.2971801077,2556,1018,952,167,715.0,309.0,1024.0,0.6982421875,0.3017578125,2137,0.4763687412260178,0.44548432381843706,0.07814693495554516
204,15,1483,15-04,2855543.91501661,7635.18005134114,1223,646,342,92,388.0,191.0,579.0,0.6701208981001727,0.3298791018998273,1080,0.5981481481481482,0.3166666666666667,0.0851851851851852
205,15,1242,15-05,8220224.7791746,15234.1032085618,1012,579,243,74,256.0,209.0,465.0,0.5505376344086022,0.44946236559139785,896,0.6462053571428572,0.2712053571428572,0.08258928571428573
206,15,2279,15-06,3407141.52050949,7544.238275729721,1779,695,692,128,455.0,124.0,579.0,0.7858376511226253,0.2141623488773748,1515,0.45874587458745875,0.45676567656765676,0.08448844884488449
207,15,2237,15-07,11218986.2012412,13560.000118889,1767,793,575,129,526.0,271.0,797.0,0.6599749058971142,0.34002509410288584,1497,0.5297261189044756,0.38410153640614564,0.08617234468937876
208,15,1734,15-08,1418450.43749045,5440.43063081006,1070,639,187,84,139.0,154.0,293.0,0.47440273037542663,0.5255972696245734,910,0.7021978021978023,0.2054945054945055,0.09230769230769233
209,15,1899,15-09,5557846.45778666,9486.42507387503,1666,1091,332,108,462.0,381.0,843.0,0.5480427046263345,0.45195729537366547,1531,0.712606139777923,0.21685173089483997,0.0705421293272371
210,15,3727,15-10,3071855.73236358,8371.758131287612,2503,888,1161,119,652.0,164.0,816.0,0.7990196078431373,0.20098039215686275,2168,0.4095940959409594,0.5355166051660517,0.05488929889298893
211,15,3674,15-11,6144107.47206347,13235.588999193,2284,748,1118,134,751.0,130.0,881.0,0.8524404086265607,0.14755959137343927,2000,0.374,0.559,0.067
212,16,2626,16-01,3659509.56192026,9939.644464303392,1973,887,613,104,385.0,180.0,565.0,0.6814159292035398,0.3185840707964602,1604,0.552992518703242,0.3821695760598504,0.06483790523690774
213,16,2761,16-02,11258687.1111251,20730.6669812922,2013,376,1291,53,381.0,64.0,445.0,0.8561797752808988,0.14382022471910114,1720,0.2186046511627907,0.7505813953488372,0.030813953488372094
214,16,1953,16-03,1998170.5587612,7496.78465576507,1508,80,1242,13,394.0,21.0,415.0,0.9493975903614458,0.05060240963855422,1335,0.0599250936329588,0.9303370786516854,0.009737827715355805
215,16,892,16-04,1760486.26466334,6365.74478776348,615,178,277,33,118.0,43.0,161.0,0.7329192546583851,0.2670807453416149,488,0.36475409836065575,0.5676229508196722,0.06762295081967214
216,16,2384,16-05,1823782.36579723,7092.74128746333,1860,225,1248,31,501.0,38.0,539.0,0.9294990723562152,0.07050092764378478,1504,0.14960106382978725,0.8297872340425532,0.020611702127659573
217,16,2113,16-06,17225461.600176,24534.6215677366,1377,237,946,57,352.0,33.0,385.0,0.9142857142857143,0.08571428571428572,1240,0.19112903225806452,0.7629032258064516,0.04596774193548387
218,16,1588,16-07,2988958.76329999,11341.084396078,1386,578,621,76,448.0,107.0,555.0,0.8072072072072072,0.1927927927927928,1275,0.4533333333333333,0.48705882352941177,0.0596078431372549
219,16,3315,16-08,2755693.22497339,9898.95607864791,2229,589,1274,101,631.0,128.0,759.0,0.8313570487483531,0.1686429512516469,1964,0.29989816700611,0.6486761710794298,0.05142566191446028
220,16,1811,16-09,1283648.84059966,5241.87040274116,1208,713,260,66,280.0,126.0,406.0,0.6896551724137931,0.3103448275862069,1039,0.6862367661212705,0.2502406159769009,0.06352261790182868
221,16,165,16-10,789324.0403731951,4097.245242894531,136,57,67,5,38.0,5.0,43.0,0.8837209302325582,0.11627906976744186,129,0.4418604651162791,0.5193798449612403,0.03875968992248062
222,16,2238,16-11,30321345.2515544,23599.3364238825,1428,629,261,72,180.0,96.0,276.0,0.6521739130434783,0.34782608695652173,962,0.6538461538461539,0.2713097713097713,0.07484407484407485
223,16,1168,16-12,1207968.82889742,5825.02063051221,938,633,141,105,374.0,157.0,531.0,0.704331450094162,0.295668549905838,879,0.7201365187713311,0.16040955631399317,0.11945392491467577
224,16,1155,16-13,11680656.2841413,17475.4160367316,524,238,157,30,116.0,38.0,154.0,0.7532467532467533,0.24675324675324675,425,0.56,0.36941176470588233,0.07058823529411765
225,17,1956,17-01,82579775.0236859,47608.9798743894,1479,1108,153,118,283.0,252.0,535.0,0.5289719626168224,0.47102803738317756,1379,0.8034807831762146,0.11094996374184192,0.08556925308194344
226,17,3436,17-02,35847019.0175811,28665.336665800503,2676,440,1730,85,790.0,97.0,887.0,0.8906426155580609,0.10935738444193913,2255,0.1951219512195122,0.7671840354767184,0.037694013303769404
227,17,2545,17-03,3368193.45679781,8073.21585403117,2002,560,1123,102,629.0,148.0,777.0,0.8095238095238095,0.19047619047619047,1785,0.3137254901960784,0.6291316526610644,0.05714285714285714
228,17,1192,17-04,24990833.3299948,24170.8637552818,733,444,205,44,263.0,120.0,383.0,0.6866840731070496,0.3133159268929504,693,0.6406926406926406,0.2958152958152958,0.06349206349206349
229,17,1870,17-05,1964584.35763796,7397.7825334769905,1356,762,301,91,303.0,189.0,492.0,0.6158536585365854,0.38414634146341464,1154,0.6603119584055459,0.2608318890814558,0.07885615251299827
230,17,374,17-06,13730678.5889238,18065.2362797497,224,181,14,13,37.0,50.0,87.0,0.42528735632183906,0.5747126436781609,208,0.8701923076923077,0.0673076923076923,0.0625
231,17,2220,17-07,3102683.38101841,8641.96677255697,1541,662,340,78,234.0,134.0,368.0,0.6358695652173914,0.3641304347826087,1080,0.6129629629629629,0.3148148148148148,0.07222222222222222
232,17,1555,17-08,3257679.52849058,8260.51894885524,1121,330,569,60,216.0,68.0,284.0,0.7605633802816901,0.23943661971830985,959,0.34410844629822734,0.5933263816475496,0.06256517205422316
233,17,1559,17-09,1381364.53043212,5720.21352230604,1208,651,282,93,296.0,202.0,498.0,0.5943775100401606,0.40562248995983935,1026,0.6345029239766082,0.27485380116959063,0.09064327485380116
234,17,2379,17-10,1508637.43306269,5857.67842411613,1530,663,456,88,266.0,124.0,390.0,0.6820512820512821,0.31794871794871793,1207,0.5492957746478874,0.37779618889809446,0.07290803645401822
235,17,3354,17-11,16654886.9882113,18471.8355397834,1967,830,693,121,371.0,222.0,593.0,0.6256323777403036,0.37436762225969644,1644,0.5048661800486618,0.4215328467153285,0.07360097323600973
236,17,1829,17-12,2528967.82629164,10782.2173420895,1606,831,451,102,293.0,187.0,480.0,0.6104166666666667,0.38958333333333334,1384,0.6004335260115607,0.3258670520231214,0.07369942196531792
237,17,424,17-13,47412.47835924,1248.0113231418402,132,38,63,5,18.0,1.0,19.0,0.9473684210526315,0.05263157894736842,106,0.3584905660377359,0.5943396226415095,0.04716981132075473
238,17,6,17-14,2133847.43402984,6867.46213316479,6,3,2,1,0.0,0.0,0.0,,,6,0.5000000000000001,0.33333333333333337,0.16666666666666669
239,18,3791,18-01,3163309.57786134,9196.68431933918,2398,1154,671,204,518.0,221.0,739.0,0.7009472259810555,0.29905277401894453,2029,0.5687530803351405,0.330704780680138,0.10054213898472154
240,18,3804,18-02,15827229.1187108,19970.518271546003,1743,992,339,146,420.0,191.0,611.0,0.6873977086743044,0.31260229132569556,1477,0.6716316858496953,0.22951929587000677,0.0988490182802979
241,18,1630,18-03,1505219.13637459,6725.61103649217,1053,384,428,69,246.0,79.0,325.0,0.7569230769230769,0.24307692307692308,881,0.4358683314415437,0.4858115777525539,0.07832009080590238
242,18,2435,18-04,3802124.80171728,9527.16100258528,1798,718,761,83,530.0,173.0,703.0,0.7539118065433855,0.2460881934566145,1562,0.45966709346991036,0.4871959026888604,0.05313700384122919
243,18,2890,18-05,3260293.46963131,8334.824229300471,2107,1498,115,190,556.0,336.0,892.0,0.6233183856502242,0.37668161434977576,1803,0.8308374930671104,0.06378258458125347,0.10537992235163617
244,18,3490,18-06,2171138.30523002,7704.535009011821,2350,718,1229,87,603.0,167.0,770.0,0.7831168831168831,0.21688311688311687,2034,0.3529990167158309,0.604228121927237,0.04277286135693215
245,18,2017,18-07,1254631.60398907,5142.16805690048,1218,660,319,72,232.0,142.0,374.0,0.6203208556149733,0.37967914438502676,1051,0.6279733587059944,0.3035204567078973,0.06850618458610848
246,18,3367,18-08,3112768.97096044,8748.011673258501,2294,850,1023,109,667.0,186.0,853.0,0.7819460726846424,0.21805392731535755,1982,0.42885973763874874,0.5161453077699294,0.0549949545913219
247,18,1081,18-09,2864835.3664835,9633.888205579162,890,407,299,48,247.0,139.0,386.0,0.6398963730569949,0.3601036269430052,754,0.5397877984084881,0.39655172413793105,0.0636604774535809
248,19,1912,19-01,2301611.20155538,6812.71135797892,1496,1071,143,124,390.0,259.0,649.0,0.600924499229584,0.39907550077041604,1338,0.8004484304932735,0.10687593423019431,0.09267563527653214
249,19,1969,19-02,2280108.05583717,8639.01945153756,1338,953,100,107,255.0,197.0,452.0,0.5641592920353983,0.4358407079646018,1160,0.8215517241379311,0.08620689655172416,0.09224137931034485
250,19,2504,19-03,4269426.00906354,10046.4935543347,2089,1654,34,193,540.0,411.0,951.0,0.5678233438485805,0.43217665615141954,1881,0.8793195108984583,0.018075491759702286,0.10260499734183945
251,19,2662,19-04,2775412.70586053,7383.948529177021,1806,1249,89,138,370.0,289.0,659.0,0.5614567526555387,0.4385432473444613,1476,0.8462059620596206,0.06029810298102981,0.09349593495934959
252,19,1724,19-05,5604916.32786785,10976.9394390823,908,657,22,56,145.0,133.0,278.0,0.5215827338129496,0.4784172661870504,735,0.8938775510204081,0.029931972789115645,0.0761904761904762
253,19,836,19-06,2547194.95746736,7462.1032020681,441,279,64,35,67.0,32.0,99.0,0.6767676767676768,0.32323232323232326,378,0.7380952380952381,0.1693121693121693,0.09259259259259259
254,19,1499,19-07,1487353.49555332,6097.5755804727,1086,784,27,107,258.0,181.0,439.0,0.5876993166287016,0.4123006833712984,918,0.8540305010893247,0.029411764705882353,0.11655773420479303
255,19,2394,19-08,2282073.35112383,7628.7385672521,1678,1287,49,137,366.0,271.0,637.0,0.5745682888540031,0.42543171114599687,1473,0.8737270875763747,0.03326544467073999,0.09300746775288526
256,19,2250,19-09,2667413.57526644,6742.68268929233,1532,1128,80,144,330.0,281.0,611.0,0.5400981996726678,0.45990180032733224,1352,0.834319526627219,0.05917159763313609,0.10650887573964497
257,19,1373,19-10,1472842.21411779,5007.52213282937,1032,775,16,94,258.0,151.0,409.0,0.6308068459657702,0.3691931540342298,885,0.8757062146892656,0.01807909604519774,0.10621468926553672
258,19,1764,19-11,1223855.68901954,4988.498504815911,897,553,77,73,164.0,122.0,286.0,0.5734265734265734,0.42657342657342656,703,0.786628733997155,0.10953058321479374,0.10384068278805121
259,19,2140,19-12,4842072.2107283,11724.6192071001,1491,915,185,92,321.0,157.0,478.0,0.6715481171548117,0.3284518828451883,1192,0.7676174496644296,0.1552013422818792,0.07718120805369127
260,19,2103,19-13,5385310.01446802,9910.43189803199,1662,1200,31,122,517.0,365.0,882.0,0.5861678004535147,0.41383219954648526,1353,0.8869179600886918,0.022912047302291204,0.090169992609017
261,20,2239,20-01,13170178.2345231,23887.5081408375,1728,1366,93,147,476.0,353.0,829.0,0.5741857659831122,0.42581423401688784,1606,0.8505603985056039,0.05790784557907846,0.09153175591531756
262,20,2089,20-02,31371763.6505413,22980.62445091849,1859,1540,31,192,701.0,552.0,1253.0,0.5594573024740622,0.4405426975259378,1763,0.8735110606920022,0.01758366420873511,0.10890527509926262
263,20,2268,20-03,40094770.0153651,31567.340915913,2266,1803,33,271,685.0,721.0,1406.0,0.4871977240398293,0.5128022759601707,2107,0.8557190317987661,0.01566207878500237,0.12861888941623162
264,20,1245,20-04,2564414.74318848,7728.884421943291,1055,829,4,164,843.0,733.0,1576.0,0.5348984771573604,0.4651015228426396,997,0.831494483450351,0.004012036108324975,0.16449348044132397
265,20,2616,20-05,12947977.2740013,18631.616390786,2316,1796,23,294,879.0,666.0,1545.0,0.5689320388349515,0.43106796116504853,2113,0.8499763369616659,0.010884997633696167,0.13913866540463796
266,20,789,20-06,94272015.9761947,65131.416606782106,733,594,6,95,517.0,457.0,974.0,0.5308008213552361,0.46919917864476385,695,0.8546762589928057,0.008633093525179856,0.1366906474820144
267,20,2071,20-07,4785211.34877743,9256.80876998879,1818,1547,14,183,905.0,400.0,1305.0,0.6934865900383141,0.3065134099616858,1744,0.8870412844036697,0.008027522935779817,0.10493119266055045
268,20,2941,20-08,8083318.82021065,17617.5519328972,2357,1930,31,237,841.0,667.0,1508.0,0.5576923076923077,0.4423076923076923,2198,0.8780709736123748,0.014103730664240218,0.1078252957233849
269,20,2925,20-09,39589110.4071153,33759.6233082666,2251,1818,58,246,657.0,737.0,1394.0,0.4713055954088953,0.5286944045911047,2122,0.8567389255419415,0.027332704995287466,0.11592836946277098
270,20,1006,20-10,24765597.6551826,23926.600978995502,1064,877,30,105,283.0,365.0,648.0,0.4367283950617284,0.5632716049382716,1012,0.866600790513834,0.029644268774703556,0.10375494071146245
271,20,571,20-11,9218972.1218886,14124.3476455668,568,433,40,68,137.0,189.0,326.0,0.42024539877300615,0.5797546012269938,541,0.800369685767098,0.07393715341959335,0.1256931608133087
272,20,1584,20-12,4344162.63962081,9543.19224245609,1397,1180,3,138,,,,,,1321,0.8932626797880394,0.002271006813020439,0.10446631339894019
531,20,734,20-13,69267672.1259313,53873.4570435892,786,657,6,85,,,,,,748,0.8783422459893048,0.008021390374331552,0.11363636363636363
273,21,1342,21-01,1805817.72488292,7420.811035476011,855,625,14,90,277.0,170.0,447.0,0.6196868008948546,0.38031319910514544,729,0.8573388203017833,0.01920438957475995,0.1234567901234568
274,21,1812,21-02,2896916.22332067,10187.7063195692,1464,1126,35,130,366.0,311.0,677.0,0.5406203840472673,0.45937961595273263,1291,0.8721920991479474,0.027110766847405113,0.10069713400464755
275,21,1833,21-03,4107576.44984802,10812.0052358776,1436,1117,51,98,376.0,306.0,682.0,0.5513196480938416,0.44868035190615835,1266,0.882306477093207,0.04028436018957346,0.07740916271721959
276,21,2457,21-04,1900586.61939959,5633.05662505709,1576,1103,165,117,474.0,220.0,694.0,0.6829971181556196,0.3170028818443804,1385,0.7963898916967509,0.11913357400722022,0.08447653429602887
277,21,2323,21-05,4482717.34808546,9055.532046241182,1958,1546,40,202,640.0,465.0,1105.0,0.579185520361991,0.42081447963800905,1788,0.8646532438478747,0.02237136465324385,0.11297539149888143
278,21,3067,21-06,2611647.32394831,8046.114126361001,1941,1389,67,208,577.0,304.0,881.0,0.6549375709421112,0.34506242905788875,1664,0.8347355769230769,0.04026442307692308,0.125
279,21,154,21-07,3070784.96639951,8958.08109744777,144,114,0,11,24.0,50.0,74.0,0.32432432432432434,0.6756756756756757,125,0.912,0.0,0.088
280,21,1645,21-08,1667523.17055706,5695.375885889161,1236,980,60,91,322.0,277.0,599.0,0.5375626043405676,0.46243739565943237,1131,0.8664898320070734,0.05305039787798409,0.08045977011494253
281,21,1142,21-09,1559904.88567158,6162.914989704341,895,641,30,77,246.0,175.0,421.0,0.5843230403800475,0.4156769596199525,748,0.856951871657754,0.040106951871657755,0.10294117647058823
282,21,1800,21-10,4194714.90894968,9623.02869546316,1488,1167,20,170,423.0,326.0,749.0,0.5647530040053405,0.43524699599465955,1357,0.8599852616064849,0.014738393515106854,0.12527634487840825
283,21,2921,21-11,8314410.38841481,15690.1897974036,2131,1579,157,176,557.0,351.0,908.0,0.6134361233480177,0.3865638766519824,1912,0.825836820083682,0.08211297071129707,0.09205020920502092
284,21,987,21-12,1307603.56721924,5173.10971069459,849,595,43,97,235.0,196.0,431.0,0.5452436194895591,0.4547563805104408,735,0.8095238095238095,0.058503401360544216,0.13197278911564625
285,21,1891,21-13,2146688.67699913,8300.927341106211,1353,1037,26,120,440.0,233.0,673.0,0.6537890044576523,0.3462109955423477,1183,0.8765849535080305,0.02197802197802198,0.1014370245139476
286,21,525,21-14,799030.025840055,4264.65954811377,436,351,5,42,102.0,103.0,205.0,0.4975609756097561,0.5024390243902439,398,0.8819095477386935,0.01256281407035176,0.10552763819095477
287,21,151,21-15,60780.367933255,1118.50387943119,38,10,6,3,3.0,1.0,4.0,0.75,0.25,19,0.5263157894736842,0.3157894736842105,0.15789473684210525
288,22,2128,22-01,5688331.31961246,9677.62028775793,1656,1256,10,183,509.0,391.0,900.0,0.5655555555555556,0.43444444444444447,1449,0.8668046928916494,0.006901311249137336,0.12629399585921325
289,22,1738,22-02,4530432.86608895,9157.33602114228,1407,934,9,134,402.0,309.0,711.0,0.5654008438818565,0.4345991561181435,1077,0.8672237697307336,0.008356545961002786,0.1244196843082637
290,22,1948,22-03,5769077.7130211,10327.7700069918,1593,1116,9,172,505.0,368.0,873.0,0.5784650630011455,0.4215349369988545,1297,0.8604471858134156,0.006939090208172706,0.13261372397841173
291,22,1928,22-04,5256530.01477136,11383.9537675435,1615,1255,8,167,523.0,372.0,895.0,0.5843575418994413,0.41564245810055866,1430,0.8776223776223776,0.005594405594405594,0.11678321678321678
292,22,2679,22-05,7627443.41923112,14545.2547743555,2380,1830,19,239,674.0,611.0,1285.0,0.5245136186770428,0.4754863813229572,2088,0.8764367816091954,0.009099616858237548,0.11446360153256704
293,22,1297,22-06,2455305.16624427,7223.49162167008,1005,686,26,104,386.0,152.0,538.0,0.7174721189591078,0.2825278810408922,816,0.8406862745098039,0.031862745098039214,0.12745098039215685
294,22,1922,22-07,3818667.66265253,8654.25579600565,1503,1223,9,139,467.0,287.0,754.0,0.6193633952254642,0.3806366047745358,1371,0.8920495988329686,0.006564551422319475,0.10138584974471189
295,22,1741,22-08,3173817.71843118,7959.94933197075,1460,848,7,133,393.0,263.0,656.0,0.5990853658536586,0.4009146341463415,988,0.8582995951417004,0.00708502024291498,0.1346153846153846
296,22,1636,22-09,2488287.47440568,6745.86841397015,1367,1069,15,128,438.0,318.0,756.0,0.5793650793650794,0.42063492063492064,1212,0.8820132013201321,0.012376237623762377,0.10561056105610561
297,22,2741,22-10,3385129.70938956,8451.143830855739,2001,1428,31,199,655.0,419.0,1074.0,0.6098696461824954,0.39013035381750466,1658,0.8612786489746683,0.018697225572979495,0.12002412545235223
298,22,1419,22-11,4854010.688128,9935.98219182368,1301,1004,10,175,383.0,319.0,702.0,0.5455840455840456,0.4544159544159544,1189,0.8444070647603028,0.008410428931875526,0.1471825063078217
299,22,2018,22-12,5552039.65551408,10690.538177268,1681,1194,11,185,470.0,421.0,891.0,0.5274971941638609,0.4725028058361392,1390,0.8589928057553957,0.007913669064748202,0.13309352517985612
300,22,1869,22-13,3952200.03279073,8816.62706169944,1641,1407,5,138,524.0,400.0,924.0,0.5670995670995671,0.4329004329004329,1550,0.907741935483871,0.0032258064516129037,0.08903225806451615
301,23,1829,23-01,1213291.53141343,5676.994423232931,518,363,27,56,93.0,27.0,120.0,0.775,0.225,446,0.8139013452914798,0.06053811659192825,0.12556053811659193
302,23,2360,23-02,4076672.07151568,11547.61806558,1672,1207,154,149,647.0,290.0,937.0,0.6905016008537886,0.3094983991462113,1510,0.7993377483443709,0.10198675496688742,0.09867549668874172
303,23,1456,23-03,2525414.87177715,7144.571435129741,1245,973,33,135,478.0,235.0,713.0,0.6704067321178121,0.32959326788218796,1141,0.8527607361963191,0.028921998247151626,0.11831726555652937
304,23,2433,23-04,2696322.92580931,7060.42760802481,1932,1468,79,222,842.0,290.0,1132.0,0.7438162544169611,0.25618374558303886,1769,0.8298473713962691,0.04465799886941775,0.12549462973431316
305,23,2707,23-05,2136577.68997652,9854.39841534312,1848,1188,233,152,396.0,131.0,527.0,0.7514231499051234,0.24857685009487665,1573,0.7552447552447552,0.14812460267005723,0.09663064208518754
306,23,2168,23-06,4458427.04416214,10384.8553127524,1706,1358,29,188,562.0,388.0,950.0,0.5915789473684211,0.40842105263157896,1575,0.8622222222222222,0.018412698412698412,0.11936507936507937
307,23,2263,23-07,3549240.94576195,9568.72065130604,1491,1082,45,148,448.0,280.0,728.0,0.6153846153846154,0.38461538461538464,1275,0.8486274509803922,0.03529411764705882,0.11607843137254902
308,23,2699,23-08,1615438.53345882,6546.07324100461,341,244,38,46,146.0,49.0,195.0,0.7487179487179487,0.2512820512820513,328,0.7439024390243902,0.11585365853658537,0.1402439024390244
309,23,1879,23-09,36099732.3176515,32525.1119276128,1672,1362,16,162,571.0,375.0,946.0,0.6035940803382663,0.3964059196617336,1540,0.8844155844155844,0.01038961038961039,0.10519480519480519
310,23,1174,23-10,3356439.83770289,8341.94937095413,247,167,21,21,62.0,19.0,81.0,0.7654320987654321,0.2345679012345679,209,0.799043062200957,0.10047846889952154,0.10047846889952154
311,23,2008,23-11,4656388.99404265,9995.17463963091,1815,1332,23,231,525.0,444.0,969.0,0.541795665634675,0.4582043343653251,1586,0.8398486759142497,0.014501891551071878,0.14564943253467844
312,23,894,23-12,4478913.74918469,9458.4780797642,797,591,1,77,217.0,198.0,415.0,0.5228915662650603,0.4771084337349398,669,0.8834080717488789,0.0014947683109118087,0.11509715994020926
313,24,2110,24-01,4821098.40164529,11201.970355046,1351,805,225,100,326.0,215.0,541.0,0.6025878003696857,0.3974121996303142,1130,0.7123893805309734,0.19911504424778761,0.08849557522123894
314,24,3227,24-02,4307919.22313814,10513.7810178004,2155,1139,463,143,510.0,219.0,729.0,0.6995884773662552,0.3004115226337449,1745,0.6527220630372492,0.26532951289398277,0.0819484240687679
315,24,1772,24-03,1917805.03602894,7373.2112435842,1354,746,279,100,270.0,179.0,449.0,0.6013363028953229,0.3986636971046771,1125,0.6631111111111111,0.248,0.08888888888888889
316,24,1720,24-04,2103714.25635847,7045.73532920228,1045,385,363,80,223.0,75.0,298.0,0.7483221476510067,0.2516778523489933,828,0.46497584541062803,0.4384057971014493,0.0966183574879227
317,24,3430,24-05,4391216.79575149,10757.5743674495,2086,1127,461,143,405.0,226.0,631.0,0.6418383518225039,0.358161648177496,1731,0.6510687463893703,0.2663200462160601,0.08261120739456962
318,24,1129,24-06,3877698.08584541,12312.137875087,924,710,49,82,238.0,162.0,400.0,0.595,0.405,841,0.8442330558858502,0.05826397146254459,0.09750297265160524
319,24,2393,24-07,1081876.07990006,6149.607715631921,1490,636,507,81,281.0,103.0,384.0,0.7317708333333334,0.2682291666666667,1224,0.5196078431372549,0.41421568627450983,0.0661764705882353
320,24,2451,24-08,2320224.4118798,6905.54063006447,1780,1087,317,116,339.0,247.0,586.0,0.5784982935153583,0.42150170648464164,1520,0.7151315789473685,0.20855263157894738,0.07631578947368421
321,24,1669,24-09,1737977.30182146,6197.02201353034,1208,757,159,76,185.0,154.0,339.0,0.5457227138643068,0.45427728613569324,992,0.7631048387096774,0.16028225806451613,0.07661290322580645
322,24,2983,24-10,1956394.52902929,5757.8795267979,1790,1079,264,115,370.0,191.0,561.0,0.6595365418894831,0.3404634581105169,1458,0.7400548696844993,0.18106995884773663,0.07887517146776406
323,24,1279,24-11,3043898.4088594,10870.2911760141,1022,671,128,86,289.0,131.0,420.0,0.6880952380952381,0.3119047619047619,885,0.7581920903954802,0.14463276836158193,0.09717514124293786
324,24,776,24-12,2165218.84882096,12071.5655092556,314,165,67,42,59.0,12.0,71.0,0.8309859154929577,0.16901408450704225,274,0.6021897810218978,0.24452554744525548,0.15328467153284672
325,25,7805,25-01,8198968.96115709,14443.1149306801,927,614,81,111,326.0,70.0,396.0,0.8232323232323232,0.17676767676767677,806,0.7617866004962779,0.10049627791563276,0.13771712158808933
326,25,1733,25-02,4332096.87394941,9310.12319062068,1391,1022,46,130,506.0,278.0,784.0,0.6454081632653061,0.35459183673469385,1198,0.8530884808013356,0.038397328881469114,0.10851419031719532
327,25,1529,25-03,3351893.17370158,11580.424187643,1193,922,55,106,453.0,136.0,589.0,0.769100169779287,0.23089983022071306,1083,0.8513388734995384,0.05078485687903971,0.09787626962142199
328,25,1886,25-04,2596154.12918088,6561.50327546921,1425,907,226,104,352.0,234.0,586.0,0.6006825938566553,0.3993174061433447,1237,0.7332255456750202,0.18270008084074374,0.08407437348423606
329,25,1994,25-05,12537676.2884581,17083.7716716314,1518,856,187,133,468.0,248.0,716.0,0.6536312849162011,0.3463687150837989,1176,0.7278911564625851,0.15901360544217688,0.1130952380952381
330,25,2923,25-06,1806691.96159054,6442.75545393959,1884,1092,350,163,436.0,220.0,656.0,0.6646341463414634,0.3353658536585366,1605,0.680373831775701,0.21806853582554517,0.1015576323987539
331,25,2510,25-07,4609671.9725038,13604.0210047043,1858,1334,137,178,481.0,303.0,784.0,0.6135204081632653,0.3864795918367347,1649,0.8089751364463311,0.08308065494238932,0.10794420861127957
332,25,904,25-08,1305052.75738638,4989.2952922678105,759,379,234,71,191.0,104.0,295.0,0.6474576271186441,0.3525423728813559,684,0.5540935672514621,0.3421052631578948,0.10380116959064328
333,25,2134,25-09,5860486.35060083,11239.0862925486,1606,884,325,142,481.0,239.0,720.0,0.6680555555555555,0.33194444444444443,1351,0.6543301258327165,0.24056254626202814,0.10510732790525537
334,25,1520,25-10,5264456.47630085,10622.2779571665,1132,623,280,99,272.0,151.0,423.0,0.6430260047281324,0.35697399527186763,1002,0.6217564870259481,0.27944111776447106,0.09880239520958084
335,25,62,25-11,4406940.6604644,11261.1149608339,24,16,6,0,13.0,3.0,16.0,0.8125,0.1875,22,0.7272727272727273,0.2727272727272727,0.0
336,26,2286,26-01,8052454.97844501,18869.4422800055,2338,1124,746,164,451.0,236.0,687.0,0.6564774381368268,0.3435225618631732,2034,0.5526057030481809,0.3667649950835792,0.08062930186823992
337,26,2383,26-02,5923424.03132938,13652.3696227477,1493,441,711,74,313.0,93.0,406.0,0.770935960591133,0.229064039408867,1226,0.3597063621533443,0.5799347471451877,0.060358890701468194
338,26,1752,26-03,3039015.55247768,7297.91710915636,1152,527,335,83,334.0,138.0,472.0,0.7076271186440678,0.2923728813559322,945,0.5576719576719577,0.3544973544973545,0.08783068783068783
339,26,2554,26-04,3034322.6896192,7373.82158438591,1626,548,413,112,479.0,178.0,657.0,0.7290715372907154,0.2709284627092846,1073,0.51071761416589,0.3849021435228332,0.1043802423112768
340,26,3832,26-05,3086799.93520757,8575.39106312259,1872,798,653,136,537.0,157.0,694.0,0.7737752161383286,0.22622478386167147,1587,0.502835538752363,0.4114681789540013,0.0856962822936358
341,26,2180,26-06,1888690.82816397,7037.55965179219,1665,794,492,121,441.0,230.0,671.0,0.6572280178837556,0.34277198211624443,1407,0.5643212508884151,0.34968017057569295,0.08599857853589196
342,26,2640,26-07,2749649.20652113,8178.019523435831,2018,905,713,127,523.0,215.0,738.0,0.7086720867208672,0.29132791327913277,1745,0.5186246418338109,0.40859598853868195,0.07277936962750717
343,26,252,26-08,714965.06640663,4583.25930936104,228,130,57,9,61.0,40.0,101.0,0.6039603960396039,0.39603960396039606,196,0.6632653061224489,0.29081632653061223,0.04591836734693878
344,26,5046,26-09,3430945.1671505,8420.52526659975,2555,642,1240,85,534.0,107.0,641.0,0.8330733229329174,0.1669266770670827,1967,0.32638535841382815,0.630401626842908,0.043213014743263854
345,27,3395,27-01,7207549.12273681,11007.9161845746,2433,1362,355,214,802.0,352.0,1154.0,0.6949740034662045,0.3050259965337955,1931,0.705334023821854,0.18384256861729673,0.1108234075608493
346,27,347,27-02,5830991.16784101,11114.8539822002,278,166,72,7,66.0,50.0,116.0,0.5689655172413793,0.43103448275862066,245,0.6775510204081633,0.2938775510204082,0.02857142857142857
347,27,1744,27-03,3788627.58518403,9352.166802132551,1381,689,412,83,360.0,150.0,510.0,0.7058823529411765,0.29411764705882354,1184,0.5819256756756757,0.34797297297297297,0.07010135135135136
348,27,707,27-04,2780594.82472864,8118.93323965622,348,142,82,30,113.0,37.0,150.0,0.7533333333333333,0.24666666666666667,254,0.5590551181102362,0.3228346456692913,0.11811023622047244
349,27,2338,27-05,5421089.95683541,10043.158668888,1839,1069,484,119,521.0,353.0,874.0,0.5961098398169337,0.40389016018306634,1672,0.6393540669856459,0.2894736842105263,0.07117224880382775
350,27,2077,27-06,1099954.04669563,4433.25108304056,1391,547,591,76,335.0,91.0,426.0,0.7863849765258216,0.2136150234741784,1214,0.45057660626029655,0.4868204283360791,0.06260296540362438
351,27,808,27-07,3159549.71058292,7930.219567166941,622,400,107,60,144.0,154.0,298.0,0.48322147651006714,0.5167785234899329,567,0.7054673721340388,0.18871252204585537,0.10582010582010581
352,27,2477,27-08,7531019.57140052,11487.3778533135,2040,1122,425,181,613.0,439.0,1052.0,0.5826996197718631,0.41730038022813687,1728,0.6493055555555556,0.24594907407407407,0.10474537037037036
353,27,366,27-09,18588873.3320046,17665.7312962547,272,170,61,20,41.0,79.0,120.0,0.3416666666666667,0.6583333333333333,251,0.6772908366533864,0.24302788844621515,0.0796812749003984
354,27,2264,27-10,7538742.74110893,12168.1657658016,1625,1071,181,158,454.0,368.0,822.0,0.5523114355231143,0.44768856447688565,1410,0.7595744680851064,0.12836879432624113,0.11205673758865248
355,27,412,27-11,7469668.2937205,14739.338191216,271,207,15,31,47.0,93.0,140.0,0.3357142857142857,0.6642857142857143,253,0.8181818181818182,0.05928853754940711,0.1225296442687747
356,27,2295,27-12,7613080.98708329,11158.610800935,1819,1127,328,141,486.0,427.0,913.0,0.5323110624315444,0.46768893756845564,1596,0.706140350877193,0.20551378446115287,0.08834586466165413
357,27,2409,27-13,25936619.6583227,22311.9625295175,2060,1570,72,236,428.0,570.0,998.0,0.4288577154308617,0.5711422845691383,1878,0.8359957401490948,0.038338658146964855,0.12566560170394037
358,27,1511,27-14,8829576.87882872,14924.7588779053,1305,919,143,108,292.0,345.0,637.0,0.45839874411302983,0.5416012558869702,1170,0.7854700854700855,0.12222222222222222,0.09230769230769231
359,27,860,27-15,10913101.2806397,13607.9291819639,777,595,40,76,200.0,207.0,407.0,0.4914004914004914,0.5085995085995086,711,0.8368495077355838,0.05625879043600563,0.1068917018284107
360,27,944,27-16,7104679.93585042,14097.3934693886,651,407,71,57,163.0,134.0,297.0,0.5488215488215489,0.4511784511784512,535,0.7607476635514019,0.13271028037383178,0.10654205607476636
361,28,1851,28-01,21489119.4528913,25566.6818773123,178,135,23,13,26.0,57.0,83.0,0.3132530120481928,0.6867469879518072,171,0.7894736842105263,0.13450292397660818,0.07602339181286549
362,28,2507,28-02,6264655.18292647,13639.8697748775,1758,1028,459,139,361.0,255.0,616.0,0.586038961038961,0.413961038961039,1626,0.6322263222632227,0.28228782287822884,0.0854858548585486
363,28,2171,28-03,2379322.99483879,6459.726922391541,1436,738,466,111,279.0,185.0,464.0,0.6012931034482759,0.39870689655172414,1315,0.5612167300380229,0.3543726235741445,0.0844106463878327
364,28,2445,28-04,5747886.6242846,15022.806886060602,1503,670,635,74,253.0,158.0,411.0,0.6155717761557178,0.3844282238442822,1379,0.485859318346628,0.4604786076867295,0.05366207396664249
365,28,2535,28-05,3756104.06230459,9569.44813102905,1919,1162,454,146,392.0,449.0,841.0,0.4661117717003567,0.5338882282996433,1762,0.659477866061294,0.2576617480136209,0.08286038592508513
366,28,2906,28-06,7365667.90588462,12257.8615653552,2005,1064,639,112,432.0,272.0,704.0,0.6136363636363636,0.38636363636363635,1815,0.5862258953168044,0.35206611570247937,0.06170798898071626
367,28,2641,28-07,3118181.17951461,7864.646531308781,1932,840,794,140,535.0,251.0,786.0,0.6806615776081425,0.3193384223918575,1774,0.47350620067643745,0.447576099210823,0.07891770011273957
368,28,2217,28-08,362089061.003307,103882.847545432,1785,1106,387,176,434.0,522.0,956.0,0.45397489539748953,0.5460251046025104,1669,0.6626722588376274,0.23187537447573398,0.10545236668663871
369,28,764,28-09,12152907.1159095,18643.0551673572,532,186,276,12,169.0,59.0,228.0,0.7412280701754386,0.25877192982456143,474,0.3924050632911392,0.5822784810126582,0.02531645569620253
370,28,603,28-10,119015259.737778,80925.0894417414,593,372,117,59,120.0,198.0,318.0,0.37735849056603776,0.6226415094339622,548,0.6788321167883212,0.2135036496350365,0.10766423357664234
371,28,1599,28-11,8434797.61677687,16190.3321795521,1069,381,490,56,215.0,66.0,281.0,0.7651245551601423,0.23487544483985764,927,0.4110032362459547,0.5285868392664509,0.06040992448759439
372,28,1192,28-12,14309769.0439085,22273.2589601707,832,429,267,54,170.0,179.0,349.0,0.4871060171919771,0.5128939828080229,750,0.5720000000000001,0.35600000000000004,0.07200000000000001
373,28,1583,28-13,1557660.08146,5587.485061537971,1161,364,610,52,266.0,84.0,350.0,0.76,0.24,1026,0.35477582846003897,0.594541910331384,0.050682261208576995
374,28,689,28-14,210051035.472556,77334.0218312979,427,280,87,20,93.0,136.0,229.0,0.40611353711790393,0.5938864628820961,387,0.7235142118863049,0.2248062015503876,0.05167958656330749
375,29,2964,29-01,9804007.96716207,13412.3276975412,2210,1026,846,160,546.0,343.0,889.0,0.6141732283464567,0.3858267716535433,2032,0.5049212598425198,0.4163385826771654,0.07874015748031497
376,29,2380,29-02,7218685.22403592,14003.2512815947,1965,860,787,135,589.0,300.0,889.0,0.6625421822272216,0.3374578177727784,1782,0.4826038159371493,0.44163860830527496,0.07575757575757576
377,29,3169,29-03,7533138.52528303,10842.0045409928,2732,1316,982,186,861.0,490.0,1351.0,0.6373056994818653,0.3626943005181347,2484,0.5297906602254429,0.39533011272141705,0.0748792270531401
378,29,2262,29-04,20030775.0034539,20121.4365192683,1984,969,724,119,623.0,348.0,971.0,0.6416065911431514,0.3583934088568486,1812,0.5347682119205298,0.3995584988962472,0.06567328918322296
379,29,2132,29-05,22662157.3632298,22846.6341470268,1637,1097,267,162,431.0,423.0,854.0,0.5046838407494145,0.4953161592505855,1526,0.718872870249017,0.17496723460026212,0.10615989515072084
380,29,3358,29-06,7654923.95792967,13879.3059849961,2534,1109,951,174,578.0,320.0,898.0,0.643652561247216,0.35634743875278396,2234,0.4964189794091316,0.42569382273948075,0.07788719785138765
381,29,1951,29-07,9265238.40430442,16629.221924649803,1579,835,523,90,417.0,377.0,794.0,0.5251889168765743,0.4748110831234257,1448,0.5766574585635359,0.3611878453038674,0.062154696132596686
382,29,2198,29-08,19340676.9090272,22009.649524047098,1819,1155,373,152,401.0,463.0,864.0,0.46412037037037035,0.5358796296296297,1680,0.6875,0.2220238095238095,0.09047619047619047
383,29,238,29-09,2412508.57042911,7034.56309974368,167,97,34,11,44.0,45.0,89.0,0.4943820224719101,0.5056179775280899,142,0.6830985915492958,0.23943661971830985,0.07746478873239436
384,29,498,29-10,5351652.9378162,10707.5037460229,419,314,54,37,80.0,141.0,221.0,0.36199095022624433,0.6380090497737556,405,0.7753086419753087,0.13333333333333333,0.09135802469135802
385,29,371,29-11,6433635.78330889,14083.061131356,319,158,98,27,88.0,75.0,163.0,0.5398773006134969,0.4601226993865031,283,0.558303886925795,0.3462897526501767,0.09540636042402827
386,29,1780,29-12,19203460.4433794,22506.7368359475,1382,870,217,123,318.0,454.0,772.0,0.4119170984455959,0.5880829015544041,1210,0.71900826446281,0.1793388429752066,0.10165289256198347
387,30,2486,30-01,90092677.1468244,54017.34390700141,1561,1326,33,143,164.0,610.0,774.0,0.21188630490956073,0.7881136950904393,1502,0.8828229027962716,0.021970705725699067,0.0952063914780293
388,30,1683,30-02,92582123.7462773,53006.5788904214,1215,1006,49,101,130.0,380.0,510.0,0.2549019607843137,0.7450980392156863,1156,0.870242214532872,0.04238754325259515,0.08737024221453288
389,30,555,30-03,6515959.81277229,11299.127212795,455,323,48,26,89.0,107.0,196.0,0.45408163265306123,0.5459183673469388,397,0.8136020151133502,0.12090680100755667,0.0654911838790932
390,30,689,30-04,14078148.3544596,25180.7248415132,537,406,59,35,78.0,148.0,226.0,0.34513274336283184,0.6548672566371682,500,0.812,0.118,0.07
391,30,2381,30-05,62337321.2497321,46414.9067273612,1849,1413,200,112,263.0,523.0,786.0,0.3346055979643766,0.6653944020356234,1725,0.8191304347826087,0.11594202898550725,0.06492753623188406
392,30,177,30-06,522079.16429433,3144.7674628979203,111,73,24,5,11.0,12.0,23.0,0.4782608695652174,0.5217391304347826,102,0.7156862745098039,0.23529411764705882,0.049019607843137254
393,30,929,30-07,1834897.68612831,6345.333405754651,814,559,148,45,122.0,131.0,253.0,0.48221343873517786,0.5177865612648221,752,0.7433510638297872,0.19680851063829788,0.0598404255319149
394,30,1780,30-08,12728336.6677554,15459.5768167613,1378,929,234,110,289.0,357.0,646.0,0.4473684210526316,0.5526315789473685,1273,0.7297721916732128,0.1838177533385703,0.08641005498821681
395,30,2331,30-09,186094385.161236,60089.5266918513,1745,1492,31,167,164.0,627.0,791.0,0.20733249051833122,0.7926675094816688,1690,0.8828402366863906,0.018343195266272188,0.09881656804733728
396,30,991,30-10,47940538.8772853,30332.5588627207,769,602,89,40,100.0,274.0,374.0,0.26737967914438504,0.732620320855615,731,0.8235294117647058,0.12175102599179206,0.05471956224350205
397,30,802,30-11,86192504.929983,41631.48552800711,579,516,4,41,52.0,275.0,327.0,0.15902140672782875,0.8409785932721713,561,0.9197860962566845,0.0071301247771836,0.07308377896613191
398,30,2975,30-12,20434785.0841464,18864.0787899192,2058,1420,329,153,287.0,440.0,727.0,0.3947730398899587,0.6052269601100413,1902,0.7465825446898002,0.1729758149316509,0.0804416403785489
399,30,2534,30-13,51822949.8676354,38233.5235822393,1758,1287,239,120,239.0,428.0,667.0,0.3583208395802099,0.6416791604197901,1646,0.7818955042527339,0.14520048602673147,0.07290400972053462
400,30,1295,30-14,31433363.2399256,30832.2436286418,1034,789,75,80,154.0,299.0,453.0,0.33995584988962474,0.6600441501103753,944,0.8358050847457628,0.07944915254237288,0.0847457627118644
401,30,1483,30-15,133898755.191751,51934.5109607748,1104,985,17,61,102.0,414.0,516.0,0.19767441860465115,0.8023255813953488,1063,0.9266227657572906,0.01599247412982126,0.05738476011288805
402,30,943,30-16,45421334.3458909,29376.9609712964,650,536,28,48,69.0,217.0,286.0,0.24125874125874125,0.7587412587412588,612,0.8758169934640523,0.0457516339869281,0.0784313725490196
403,30,751,30-17,9036055.31397429,17847.051200524398,616,503,25,60,99.0,273.0,372.0,0.2661290322580645,0.7338709677419355,588,0.8554421768707483,0.04251700680272109,0.10204081632653061
404,31,5353,31-01,10297131.6182566,16625.287833141898,1915,757,899,95,439.0,170.0,609.0,0.7208538587848933,0.2791461412151067,1751,0.43232438606510565,0.5134209023415192,0.054254711593375214
405,31,1688,31-02,4374066.09435747,8949.91428291785,1443,760,404,101,431.0,312.0,743.0,0.5800807537012113,0.4199192462987887,1265,0.6007905138339921,0.3193675889328063,0.07984189723320158
406,31,2654,31-03,2594574.74857465,7696.936551460991,1668,694,740,79,450.0,194.0,644.0,0.6987577639751553,0.30124223602484473,1513,0.4586913417052214,0.48909451421017847,0.05221414408460013
407,31,2518,31-04,3113253.36470661,7232.26170183102,2320,1087,841,146,473.0,234.0,707.0,0.669024045261669,0.33097595473833097,2074,0.5241080038572806,0.40549662487946,0.0703953712632594
408,31,3254,31-05,3752584.59924356,11499.1652307974,2165,624,1262,91,481.0,121.0,602.0,0.7990033222591362,0.2009966777408638,1977,0.3156297420333839,0.6383409205867476,0.04602933737986849
409,31,3134,31-06,6239468.57810241,9941.491305016729,1689,596,840,99,470.0,127.0,597.0,0.7872696817420436,0.21273031825795644,1535,0.38827361563517915,0.5472312703583062,0.06449511400651466
410,31,1635,31-07,2771104.16675815,7033.45590637563,1072,407,522,43,204.0,99.0,303.0,0.6732673267326733,0.32673267326732675,972,0.41872427983539096,0.5370370370370371,0.044238683127572016
411,31,1648,31-08,1762853.76897052,6751.319802320841,1033,618,264,75,285.0,158.0,443.0,0.6433408577878104,0.35665914221218964,957,0.64576802507837,0.27586206896551724,0.07836990595611286
412,31,1709,31-09,2686876.86825511,10829.2251762743,1097,472,455,74,252.0,158.0,410.0,0.6146341463414634,0.3853658536585366,1001,0.47152847152847155,0.45454545454545453,0.07392607392607392
413,31,1493,31-10,17905801.8060894,22028.8608724144,1069,497,385,63,311.0,185.0,496.0,0.6270161290322581,0.37298387096774194,945,0.5259259259259259,0.4074074074074074,0.06666666666666667
414,32,2724,32-01,2555384.8047413,7308.664938739271,1749,590,895,77,333.0,136.0,469.0,0.7100213219616205,0.2899786780383795,1562,0.37772087067861715,0.5729833546734955,0.04929577464788732
415,32,1334,32-02,2290619.27452685,7313.01293340998,1348,577,587,63,150.0,105.0,255.0,0.5882352941176471,0.4117647058823529,1227,0.4702526487367564,0.4784026079869601,0.051344743276283626
416,32,2157,32-03,1775299.99404671,6230.35022261571,1325,590,533,67,292.0,212.0,504.0,0.5793650793650794,0.42063492063492064,1190,0.4957983193277311,0.44789915966386556,0.05630252100840336
417,32,1094,32-04,2597663.5003228,7040.40051617135,784,312,343,36,149.0,66.0,215.0,0.6930232558139535,0.30697674418604654,691,0.4515195369030391,0.4963820549927641,0.05209840810419682
418,32,2526,32-05,5678699.88412218,12706.8064874736,1641,899,429,117,318.0,299.0,617.0,0.5153970826580226,0.4846029173419773,1445,0.6221453287197232,0.2968858131487889,0.0809688581314879
419,32,658,32-06,296772303.644648,95914.69499011,397,286,36,34,55.0,73.0,128.0,0.4296875,0.5703125,356,0.8033707865168539,0.10112359550561797,0.09550561797752809
420,32,1385,32-07,9060608.84241769,19879.6346786705,746,348,259,55,167.0,107.0,274.0,0.6094890510948905,0.3905109489051095,662,0.525679758308157,0.39123867069486407,0.08308157099697885
421,32,653,32-08,20729195.5038233,27416.243859235703,454,141,220,19,68.0,6.0,74.0,0.918918918918919,0.08108108108108109,380,0.37105263157894736,0.5789473684210527,0.05
422,32,3567,32-09,9757772.11831389,18612.2086657689,942,453,275,54,102.0,86.0,188.0,0.5425531914893617,0.4574468085106383,782,0.5792838874680307,0.3516624040920716,0.06905370843989769
423,32,2432,32-10,9783947.70671316,16934.4566091587,1558,865,421,78,329.0,216.0,545.0,0.6036697247706422,0.3963302752293578,1364,0.6341642228739003,0.3086510263929619,0.05718475073313783
424,32,1845,32-11,7745078.09390857,13275.063199187,1459,956,221,148,458.0,375.0,833.0,0.5498199279711885,0.45018007202881155,1325,0.7215094339622642,0.16679245283018868,0.11169811320754718
425,32,2996,32-12,3030969.1025088,7017.68424157814,1696,514,822,83,371.0,91.0,462.0,0.803030303030303,0.19696969696969696,1419,0.36222692036645526,0.5792811839323467,0.058491895701198025
426,33,866,33-01,3277549.79768341,8991.17816096353,661,454,117,41,136.0,153.0,289.0,0.47058823529411764,0.5294117647058824,612,0.7418300653594772,0.19117647058823528,0.06699346405228758
427,33,1960,33-02,9409487.67448505,17628.1828642032,1479,1003,223,122,300.0,342.0,642.0,0.4672897196261682,0.5327102803738317,1348,0.7440652818991098,0.16543026706231453,0.09050445103857567
428,33,2985,33-03,39244697.810284,37486.0732931902,2183,1546,304,206,451.0,627.0,1078.0,0.41836734693877553,0.5816326530612245,2056,0.7519455252918288,0.14785992217898833,0.10019455252918288
429,33,2721,33-04,26179279.3357149,24331.0892130501,2126,1571,205,175,394.0,622.0,1016.0,0.38779527559055116,0.6122047244094488,1951,0.805228088159918,0.10507432086109687,0.08969759097898514
430,33,3533,33-05,48091698.0940965,43146.101661516695,2626,1737,416,188,461.0,542.0,1003.0,0.4596211365902293,0.5403788634097707,2341,0.7419906023067065,0.177701836821871,0.08030756087142248
431,33,387,33-06,10324923.6571132,15221.785696390602,327,262,27,28,54.0,128.0,182.0,0.2967032967032967,0.7032967032967034,317,0.8264984227129337,0.08517350157728706,0.08832807570977919
432,33,1484,33-07,31758662.0558085,23497.7728168588,1279,1047,75,86,165.0,441.0,606.0,0.2722772277227723,0.7277227722772277,1208,0.8667218543046358,0.062086092715231786,0.07119205298013245
433,33,3658,33-08,20410724.0400185,25091.7960469419,2229,1073,758,121,377.0,381.0,758.0,0.4973614775725594,0.5026385224274407,1952,0.5496926229508198,0.3883196721311476,0.06198770491803279
434,33,2152,33-09,523823060.126566,104041.476192416,1620,1342,43,120,250.0,495.0,745.0,0.33557046979865773,0.6644295302013423,1505,0.8916943521594685,0.02857142857142857,0.07973421926910298
435,33,1246,33-10,30691697.9143757,29950.732351778,869,665,75,49,130.0,269.0,399.0,0.3258145363408521,0.6741854636591479,789,0.8428390367553865,0.09505703422053231,0.062103929024081114
436,33,925,33-11,7904725.85353551,13504.235716537,701,560,40,59,110.0,259.0,369.0,0.2981029810298103,0.7018970189701897,659,0.849772382397572,0.06069802731411229,0.08952959028831563
437,33,1818,33-12,28375043.6118915,24184.0822567598,1282,909,153,105,247.0,389.0,636.0,0.38836477987421386,0.6116352201257862,1167,0.7789203084832905,0.13110539845758354,0.08997429305912596
438,34,2748,34-01,5802765.8691209,13574.4209207658,2132,1305,477,153,494.0,408.0,902.0,0.5476718403547672,0.4523281596452328,1935,0.6744186046511628,0.24651162790697675,0.07906976744186046
439,34,947,34-02,14820091.1702965,23197.330153391,901,629,129,75,152.0,204.0,356.0,0.42696629213483145,0.5730337078651685,833,0.7551020408163265,0.15486194477791115,0.09003601440576231
440,34,3238,34-03,6435113.75980242,11234.4084949419,2560,1395,718,188,573.0,452.0,1025.0,0.5590243902439025,0.44097560975609756,2301,0.60625814863103,0.31203824424163407,0.08170360712733594
441,34,1006,34-04,9934216.74985081,22082.8970950273,719,556,62,66,123.0,205.0,328.0,0.375,0.625,684,0.8128654970760234,0.09064327485380116,0.09649122807017543
442,34,2076,34-05,14248660.4301162,16042.9809661953,1637,1009,358,109,405.0,464.0,869.0,0.4660529344073648,0.5339470655926352,1476,0.6836043360433605,0.24254742547425473,0.07384823848238482
443,34,2467,34-06,12948225.0684405,15547.6789666542,1641,917,450,117,212.0,312.0,524.0,0.40458015267175573,0.5954198473282443,1484,0.6179245283018868,0.3032345013477089,0.07884097035040431
444,34,1483,34-07,3169019.26763843,7941.451805085151,1153,872,101,87,240.0,333.0,573.0,0.418848167539267,0.581151832460733,1060,0.8226415094339623,0.09528301886792453,0.0820754716981132
445,34,2763,34-08,7376127.8148271,14036.463309813002,2151,1258,442,150,531.0,564.0,1095.0,0.4849315068493151,0.5150684931506849,1850,0.68,0.23891891891891892,0.08108108108108109
446,34,2817,34-09,5208765.33056807,12988.714356944902,2165,1191,641,141,542.0,432.0,974.0,0.5564681724845996,0.44353182751540043,1973,0.6036492650785605,0.324885960466295,0.07146477445514444
447,34,1741,34-10,13303126.7445789,15272.7055951402,1401,882,291,99,245.0,343.0,588.0,0.4166666666666667,0.5833333333333334,1272,0.6933962264150944,0.22877358490566038,0.07783018867924528
448,34,3212,34-11,7101074.92406952,11199.6304818662,2262,1306,570,159,521.0,403.0,924.0,0.5638528138528138,0.43614718614718617,2035,0.6417690417690418,0.2800982800982801,0.07813267813267813
449,35,2935,35-01,120398405.184273,47615.9952604504,2067,1632,164,138,214.0,615.0,829.0,0.25814234016887816,0.7418576598311218,1934,0.843846949327818,0.08479834539813857,0.07135470527404343
450,35,1876,35-02,118940077.018272,51250.849379391104,1323,1056,105,88,136.0,403.0,539.0,0.2523191094619666,0.7476808905380334,1249,0.8454763811048839,0.08406725380304243,0.07045636509207366
451,35,3318,35-03,54060388.3387465,38888.530831309,1929,1223,318,117,277.0,416.0,693.0,0.3997113997113997,0.6002886002886003,1658,0.7376357056694813,0.19179734620024125,0.07056694813027745
452,35,1578,35-04,69707773.9769447,45188.0998318134,1138,685,313,46,158.0,249.0,407.0,0.3882063882063882,0.6117936117936118,1044,0.6561302681992337,0.2998084291187739,0.044061302681992334
453,35,2220,35-05,68515863.9856123,38315.6397835487,1736,1001,501,90,244.0,390.0,634.0,0.38485804416403785,0.6151419558359621,1592,0.6287688442211055,0.3146984924623115,0.0565326633165829
454,35,1707,35-06,73823325.8995195,51209.9971837618,1144,881,72,61,113.0,404.0,517.0,0.218568665377176,0.781431334622824,1014,0.868836291913215,0.07100591715976332,0.0601577909270217
455,35,1360,35-07,81856252.4388276,46393.969748963296,1008,702,120,78,220.0,564.0,784.0,0.28061224489795916,0.7193877551020408,900,0.78,0.13333333333333333,0.08666666666666667
456,35,2262,35-08,110535520.173966,56490.7595999526,1754,1479,70,103,169.0,666.0,835.0,0.20239520958083831,0.7976047904191617,1652,0.8952784503631961,0.0423728813559322,0.06234866828087167
457,35,3274,35-09,19401657.8679065,24159.4080347728,2869,2063,313,256,659.0,881.0,1540.0,0.4279220779220779,0.5720779220779221,2632,0.7838145896656535,0.1189209726443769,0.0972644376899696
458,35,315,35-10,23190787.3985228,24347.3467012058,201,153,8,16,25.0,53.0,78.0,0.32051282051282054,0.6794871794871795,177,0.864406779661017,0.04519774011299435,0.0903954802259887
459,35,385,35-11,40339675.9441718,28677.3392231026,248,204,5,21,20.0,114.0,134.0,0.14925373134328357,0.8507462686567164,230,0.8869565217391304,0.021739130434782608,0.09130434782608696
460,35,391,35-12,23418990.8016871,29074.061855871103,283,184,60,18,56.0,70.0,126.0,0.4444444444444444,0.5555555555555556,262,0.7022900763358778,0.22900763358778625,0.06870229007633588
461,35,1277,35-13,39256427.7079944,31459.8146480163,959,753,38,78,,,,,,869,0.8665132336018412,0.04372842347525892,0.08975834292289989
462,36,4102,36-01,6311471.54076266,13961.3557754027,2520,1715,305,171,446.0,497.0,943.0,0.47295864262990456,0.5270413573700954,2191,0.7827476038338658,0.13920584208124145,0.07804655408489275
463,36,2697,36-02,25239903.8761084,28030.760509967906,2216,1713,149,185,412.0,680.0,1092.0,0.3772893772893773,0.6227106227106227,2047,0.8368343917928677,0.0727894479726429,0.09037616023448951
464,36,2775,36-03,6003264.43724002,12396.7766734502,2064,1588,93,197,622.0,624.0,1246.0,0.49919743178170145,0.5008025682182986,1878,0.845580404685836,0.04952076677316294,0.10489882854100106
465,36,3665,36-04,35690110.8817994,30551.9668924182,2482,1603,448,156,416.0,600.0,1016.0,0.4094488188976378,0.5905511811023622,2207,0.7263253285002266,0.20299048482102403,0.07068418667874943
466,36,842,36-05,219691608.228428,77788.29432377731,724,621,14,52,149.0,277.0,426.0,0.34976525821596244,0.6502347417840375,687,0.9039301310043668,0.020378457059679767,0.07569141193595343
467,36,3915,36-06,128695648.531342,51512.5633808002,2758,1751,566,196,383.0,662.0,1045.0,0.36650717703349284,0.6334928229665072,2513,0.6967767608436132,0.22522881018702745,0.07799442896935933
468,36,790,36-07,375632629.853697,107573.354225919,785,634,7,101,207.0,267.0,474.0,0.43670886075949367,0.5632911392405063,742,0.8544474393530997,0.009433962264150943,0.13611859838274934
469,36,1480,36-08,39177900.6064341,33278.944049602804,1146,933,25,97,248.0,394.0,642.0,0.3862928348909657,0.6137071651090342,1055,0.8843601895734597,0.023696682464454975,0.09194312796208531
470,36,363,36-09,38761727.570426,27793.0603546363,269,205,12,31,27.0,108.0,135.0,0.2,0.8,248,0.8266129032258065,0.04838709677419355,0.125
471,36,1184,36-10,54506861.5719605,51136.3374975659,961,789,38,70,399.0,461.0,860.0,0.46395348837209305,0.536046511627907,897,0.8795986622073578,0.042363433667781496,0.07803790412486064
472,36,1211,36-11,19109449.1138025,23494.522750202,836,422,280,42,,,,,,744,0.5672043010752689,0.3763440860215054,0.056451612903225805
473,37,7268,37-01,29802755.9822568,28631.8842542935,2471,1432,267,150,388.0,388.0,776.0,0.5,0.5,1849,0.7744726879394267,0.1444023796646836,0.08112493239588967
474,37,3736,37-02,53651776.7982907,34059.3367941026,2250,1664,205,162,378.0,671.0,1049.0,0.3603431839847474,0.6396568160152526,2031,0.8193008370260956,0.10093549975381585,0.07976366322008863
475,37,1884,37-03,44535873.6863935,34866.8718983607,1493,1171,93,135,657.0,836.0,1493.0,0.44005358338914935,0.5599464166108507,1399,0.8370264474624732,0.06647605432451752,0.09649749821300929
476,37,3185,37-04,56024014.1071928,46443.15107547301,2241,1762,143,164,413.0,681.0,1094.0,0.37751371115173676,0.6224862888482633,2069,0.8516191396810053,0.06911551474142098,0.07926534557757371
477,37,878,37-05,28890748.2288314,25921.9414526176,630,515,27,28,164.0,392.0,556.0,0.2949640287769784,0.7050359712230215,570,0.9035087719298246,0.04736842105263158,0.04912280701754386
478,37,2327,37-06,20688835.888255,22238.583783371003,2272,1866,31,228,706.0,753.0,1459.0,0.4838930774503084,0.5161069225496916,2125,0.8781176470588236,0.014588235294117647,0.10729411764705882
479,37,1130,37-07,25221966.8465233,27450.7087289692,1260,986,69,144,347.0,565.0,912.0,0.38048245614035087,0.6195175438596491,1199,0.8223519599666389,0.057547956630525435,0.12010008340283569
480,37,366,37-08,32371733.1745354,26591.6465104258,264,233,1,17,26.0,75.0,101.0,0.25742574257425743,0.7425742574257426,251,0.9282868525896414,0.00398406374501992,0.06772908366533864
481,37,405,37-09,6799009.10641726,12804.0985176752,381,324,4,34,81.0,136.0,217.0,0.37327188940092165,0.6267281105990783,362,0.8950276243093923,0.011049723756906077,0.09392265193370165
482,37,1038,37-10,36568617.0529778,26467.8082436148,626,510,17,37,,,,,,564,0.9042553191489362,0.030141843971631204,0.06560283687943262
483,37,988,37-11,16852357.0308181,17675.197691372097,1040,833,45,128,,,,,,1006,0.8280318091451293,0.044731610337972176,0.12723658051689862
484,37,894,37-12,30675006.0636198,24591.703834663906,640,520,19,52,,,,,,591,0.8798646362098139,0.032148900169204735,0.08798646362098139
485,38,1865,38-01,19498683.7704062,23407.3920965096,1717,1491,12,154,447.0,674.0,1121.0,0.39875111507582517,0.6012488849241748,1657,0.899818949909475,0.00724200362100181,0.09293904646952324
486,38,2923,38-02,32907901.0428442,41081.5230736313,2572,2100,23,322,784.0,976.0,1760.0,0.44545454545454544,0.5545454545454546,2445,0.8588957055214724,0.009406952965235174,0.13169734151329243
487,38,1991,38-03,15523792.928493,25713.8000796244,2012,1684,11,231,485.0,635.0,1120.0,0.4330357142857143,0.5669642857142857,1926,0.8743509865005192,0.005711318795430945,0.11993769470404984
488,38,3153,38-04,194845438.130086,72819.7222624615,2850,2349,12,359,940.0,907.0,1847.0,0.5089334055224689,0.49106659447753115,2720,0.8636029411764706,0.004411764705882353,0.13198529411764706
489,38,1007,38-05,17201729.0514153,42934.083304346605,962,816,2,102,487.0,757.0,1244.0,0.39147909967845657,0.6085209003215434,920,0.8869565217391304,0.002173913043478261,0.1108695652173913
490,38,1629,38-06,5758605.63683843,13518.798558879002,1549,1267,7,187,481.0,874.0,1355.0,0.3549815498154982,0.6450184501845019,1461,0.867214236824093,0.004791238877481177,0.12799452429842573
491,38,2309,38-07,40078393.0245718,39118.7818896429,2563,2129,12,292,732.0,918.0,1650.0,0.44363636363636366,0.5563636363636364,2433,0.8750513769009454,0.004932182490752158,0.12001644060830251
492,38,1377,38-08,14770203.86911,19332.8115991759,1488,1212,16,173,329.0,543.0,872.0,0.37729357798165136,0.6227064220183486,1401,0.8650963597430407,0.011420413990007138,0.12348322626695217
493,38,1975,38-09,8007752.13369776,12795.0490666943,1781,1508,5,175,544.0,638.0,1182.0,0.4602368866328257,0.5397631133671743,1688,0.8933649289099526,0.002962085308056872,0.10367298578199052
494,38,2630,38-10,21476474.4071042,43854.1470568739,2359,1960,9,306,532.0,935.0,1467.0,0.36264485344239944,0.6373551465576005,2275,0.8615384615384616,0.003956043956043956,0.1345054945054945
495,38,1159,38-11,4105130.25512264,11271.5096814038,1069,849,9,154,615.0,799.0,1414.0,0.4349363507779349,0.5650636492220651,1012,0.8389328063241107,0.008893280632411068,0.15217391304347827
496,38,1149,38-12,7815771.95392632,31650.26631474,1078,899,2,125,,,,,,1026,0.8762183235867447,0.001949317738791423,0.12183235867446393
497,38,929,38-13,2265073.08533921,7295.77564533273,762,634,3,98,,,,,,735,0.8625850340136054,0.004081632653061225,0.13333333333333333
498,38,1056,38-14,14286567.1392036,23363.097854856,1074,904,6,121,,,,,,1031,0.8768186226964112,0.005819592628516004,0.11736178467507274
499,39,1724,39-01,72725674.6029016,40233.648455367096,1301,1063,88,79,125.0,452.0,577.0,0.21663778162911612,0.7833622183708839,1230,0.8642276422764228,0.07154471544715447,0.06422764227642276
500,39,3378,39-02,17621280.4566751,19115.4345269182,2507,1461,631,156,419.0,474.0,893.0,0.46920492721164614,0.5307950727883539,2248,0.6499110320284698,0.28069395017793597,0.0693950177935943
501,39,2635,39-03,20240259.5959715,28197.6416226132,2026,1343,367,170,360.0,634.0,994.0,0.36217303822937624,0.6378269617706237,1880,0.7143617021276596,0.1952127659574468,0.09042553191489362
502,39,3954,39-04,5426263.60233639,12470.8771183062,2235,1223,681,133,332.0,368.0,700.0,0.4742857142857143,0.5257142857142857,2037,0.600392734413353,0.33431516936671574,0.06529209621993128
503,39,2745,39-05,77471835.6269988,46041.3681905659,2125,1713,151,144,325.0,785.0,1110.0,0.2927927927927928,0.7072072072072072,2008,0.8530876494023905,0.075199203187251,0.07171314741035857
504,39,4345,39-06,34089611.9063175,28786.855543963306,2498,1701,401,146,302.0,576.0,878.0,0.3439635535307517,0.6560364464692483,2248,0.7566725978647687,0.17838078291814946,0.06494661921708185
505,39,2248,39-07,37774903.0202672,28413.3209024281,1289,883,228,72,147.0,272.0,419.0,0.35083532219570407,0.649164677804296,1183,0.746407438715131,0.19273034657650043,0.060862214708368556
506,39,1785,39-08,10702067.6486462,15746.8626285117,985,563,287,61,153.0,168.0,321.0,0.4766355140186916,0.5233644859813084,911,0.6180021953896817,0.3150384193194292,0.06695938529088913
507,39,808,39-09,24583559.5169461,33446.3913629663,603,462,61,31,45.0,146.0,191.0,0.2356020942408377,0.7643979057591623,554,0.8339350180505415,0.11010830324909747,0.05595667870036101
508,40,2683,40-01,41731783.1787309,43984.86020338461,1738,1293,229,102,200.0,449.0,649.0,0.3081664098613251,0.6918335901386748,1624,0.7961822660098522,0.14100985221674878,0.06280788177339902
509,40,3590,40-02,175241490.867618,61726.65434740341,2741,2339,52,193,263.0,938.0,1201.0,0.2189841798501249,0.7810158201498751,2584,0.9051857585139319,0.020123839009287926,0.07469040247678019
510,40,2954,40-03,4470626.36122096,12178.1682106492,1685,831,625,105,263.0,270.0,533.0,0.49343339587242024,0.5065666041275797,1561,0.5323510570147342,0.40038436899423446,0.06726457399103139
511,40,3066,40-04,118531507.628988,53140.0799172845,2394,1985,147,149,249.0,818.0,1067.0,0.23336457357075913,0.7666354264292409,2281,0.8702323542306006,0.06444541867601929,0.06532222709338009
512,40,2142,40-05,65719089.0628679,44064.7487226478,1653,1273,182,110,252.0,555.0,807.0,0.31226765799256506,0.6877323420074349,1565,0.8134185303514377,0.11629392971246007,0.07028753993610223
513,40,3414,40-06,97230232.87817,44056.6115729989,2391,2028,89,163,192.0,708.0,900.0,0.21333333333333335,0.7866666666666666,2280,0.8894736842105263,0.03903508771929825,0.07149122807017544
514,40,3202,40-07,95028213.4739653,51342.0101628809,2335,1859,231,149,263.0,580.0,843.0,0.31198102016607354,0.6880189798339265,2239,0.8302813756141135,0.10317105850826264,0.06654756587762395
515,40,1776,40-08,54558553.1663188,31361.9470757836,1159,958,28,79,126.0,390.0,516.0,0.2441860465116279,0.7558139534883721,1065,0.8995305164319248,0.02629107981220657,0.07417840375586854
516,40,806,40-09,9846204.92939496,15171.0314118798,704,541,53,47,,,,,,641,0.84399375975039,0.08268330733229329,0.07332293291731669
517,41,1456,41-01,130921088.864113,48161.1078620834,1099,990,16,54,75.0,478.0,553.0,0.13562386980108498,0.864376130198915,1060,0.9339622641509434,0.01509433962264151,0.0509433962264151
518,41,2020,41-02,62632759.010881,45000.3720891849,1549,1243,100,134,204.0,575.0,779.0,0.26187419768934533,0.7381258023106547,1477,0.8415707515233583,0.06770480704129994,0.09072444143534192
519,41,883,41-03,112218818.459582,56867.6957026008,592,465,55,26,62.0,169.0,231.0,0.2683982683982684,0.7316017316017316,546,0.8516483516483516,0.10073260073260074,0.047619047619047616
520,41,2101,41-04,30800707.9565558,40753.535142895,1622,1307,92,116,269.0,521.0,790.0,0.34050632911392403,0.6594936708860759,1515,0.8627062706270627,0.06072607260726073,0.07656765676567656
521,41,3398,41-05,12351730.0499204,24521.07155928,2001,1402,281,133,383.0,472.0,855.0,0.447953216374269,0.552046783625731,1816,0.7720264317180616,0.15473568281938327,0.07323788546255507
522,41,2863,41-06,63969050.1534005,50077.245143009,2367,2015,40,224,401.0,876.0,1277.0,0.3140172278778387,0.6859827721221613,2279,0.8841597191750769,0.017551557700745946,0.09828872312417729
523,41,2532,41-07,24374244.859957,29192.8926692568,1619,1210,126,117,247.0,456.0,703.0,0.35135135135135137,0.6486486486486487,1453,0.8327598072952512,0.08671713695801789,0.0805230557467309
524,41,2817,41-08,15798495.7414875,30518.8647244982,2601,1972,119,278,638.0,780.0,1418.0,0.44992947813822287,0.5500705218617772,2369,0.832418742085268,0.050232165470662726,0.11734909244406923
525,41,1883,41-09,4769135.36682744,11434.7059870587,1295,970,161,68,230.0,279.0,509.0,0.4518664047151277,0.5481335952848723,1199,0.8090075062552128,0.13427856547122605,0.05671392827356131
526,41,1943,41-10,34204277.3667339,39770.0503610879,1179,727,218,62,335.0,669.0,1004.0,0.3336653386454183,0.6663346613545816,1007,0.7219463753723933,0.21648460774577954,0.06156901688182721
527,41,1212,41-11,23673918.5380854,21826.4968335072,1278,1096,19,122,333.0,805.0,1138.0,0.29261862917398945,0.7073813708260105,1237,0.8860145513338723,0.015359741309620048,0.09862570735650768
528,41,775,41-12,28248253.5062255,34642.4448768388,738,634,14,65,,,,,,713,0.8892005610098177,0.019635343618513323,0.091164095371669
529,41,826,41-13,15554880.4910984,18422.8338145921,754,639,7,75,,,,,,721,0.8862690707350902,0.009708737864077669,0.10402219140083217
530,41,533,41-14,7710407.50280737,12318.22353631,420,352,0,48,,,,,,400,0.88,0.0,0.12
