<?xml version="1.0" encoding="UTF-8"?><metadata>
    <idinfo>
        <citation>
            <citeinfo>
                <title>Senate Representative and Election Districts</title>
            </citeinfo>
        </citation>
        <descript>
            <abstract>The Delaware General Assembly consists of  62 legislators in Delaware. The General Assembly is comprised of 21 Senators and 41 Representatives.  Senators are elected to 4 years terms and Representatives are elected to 2 years terms.  The dataset reflects the current General Assembly.The districts were created after the 2010 decennial census and will be updated again after the 2020 decennial census if necessary. Districts are created based on information from the decennial census.</abstract>
            <purpose>To provide the boundaries for the State of Delaware Senate, House of Representative and Elections Boundaries for use in mapping and analysis.</purpose>
        </descript>
        <keywords>
            <theme>
                <themekt>None</themekt>
                <themekey>Delaware</themekey>
                <themekey>FirstMap</themekey>
                <themekey>Senate</themekey>
                <themekey>Representative</themekey>
                <themekey>Election Districts</themekey>
                <themekey>Legislature</themekey>
                <themekey>boundaries</themekey>
                <themekey>firstmap</themekey>
            </theme>
        </keywords>
        <accconst>None</accconst>
        <useconst>The State of Delaware makes no warranty or representation, expressed or implied, with respect to the quality, content, accuracy, completeness, currency, or non-infringement of proprietary rights, of any of the GIS or other data or information, or any other materials and items, that are displayed or made available for download from this site. All such data, information, items and materials (collectively, the “FirstMap Data”) are provided "as is" and users are fully and solely responsible for any consequences of use. FirstMap Data may have been created from a variety of sources, including sources beyond the control of the State of Delaware, and are subject to change without notice. To the extent you use, apply, add to, modify or implement this information in your own information system or other setting, or otherwise for your own purposes, you do so at your own risk. In no event shall the State of Delaware or its agencies, officers, employees, agents, or representatives be liable for any damages of any kind or nature whatsoever including, but not limited to, direct, indirect, special, punitive, incidental, exemplary or consequential damages arising from your downloading, modifying, sharing, distributing, or using of FirstMap Data even if notified of the possibility of such damages.  Further, the State of Delaware does not accept liability for any damages or misrepresentation caused by inaccuracies in the FirstMap Data or as a result of changes to the FirstMap Data, nor is there responsibility assumed to maintain the FirstMap Data in any manner or form.</useconst>
        <datacred>The Delaware General Assembly</datacred>
    </idinfo>
    <metainfo>
        <metd>20200828</metd>
        <metc>
            <cntinfo>
                <!--no contact person or organization name available-->
            </cntinfo>
        </metc>
        <metstdn>FGDC Content Standard for Digital Geospatial Metadata</metstdn>
        <metstdv>FGDC-STD-001-1998</metstdv>
        <mettc>local time</mettc>
    </metainfo>
</metadata>
